<?xml version="1.0" encoding="utf-8"?>
<!--Sample XML file generated by XMLSpy v2008 sp1 (http://www.altova.com)-->
<The_Content xsi:noNamespaceSchemaLocation="PageSchema.xsd" xmlns:xsi="http://www.w3.org/2001/XMLSchema-instance">
  <Avatar FileLocation="Media/Jko10082009.swf">
    <AIML FileLocation="http://141.225.42.246/ATLite/ATL/XMLFiles/AIMLFile.xml" />
    <P_Q FileLocation="http://141.225.42.246/ATLite/ATL/XMLFiles/P_QFile.xml" />
  </Avatar>
  <Content>
    <Assessment> 
			<ATLiteRule FileLocation="http://141.225.42.246/ATLite/ATL/XMLFiles/ITSRules.xml" /> 
			<ATLiteFeedback FileLocation="http://141.225.42.246/ATLite/ATL/XMLFiles/ITSFeedBack.xml" /> 
			<ATLiteHelp FileLocation="http://141.225.42.246/ATLite/ATL/XMLFiles/HelpContents.xml" /> 
			<Spoken>
				<SpokenText></SpokenText> 
			</Spoken>
		  	<TextForLCC>
		  		<LCCFeedBack FileLocation="http://141.225.42.246/ATLite/ATL/XMLFiles/LCCFeedBack.xml" />
		  	</TextForLCC> 
    </Assessment>
  </Content>
</The_Content>