<AvatarList>
<Avatar URL="cb/English/Paul/Output/Al.swf" name="(L)English (V)Paul (C)Al"/> 
<Avatar URL="cb/English/Paul/Output/Ben.swf" name="(L)English (V)Paul (C)Ben"/> 
<Avatar URL="cb/English/Paul/Output/Carl.swf" name="(L)English (V)Paul (C)Carl"/> 
<Avatar URL="cb/English/Paul/Output/Gene.swf" name="(L)English (V)Paul (C)Gene"/> 
<Avatar URL="cb/English/Paul/Output/Paul.swf" name="(L)English (V)Paul (C)Paul"/> 
<Avatar URL="cb/English/Paul/Output/Jason.swf" name="(L)English (V)Paul (C)Jason"/> 
<Avatar URL="cb/English/Paul/Output/Jim.swf" name="(L)English (V)Paul (C)Jim"/> 
<Avatar URL="cb/English/Paul/Output/John.swf" name="(L)English (V)Paul (C)John"/> 
<Avatar URL="cb/English/Paul/Output/Lee.swf" name="(L)English (V)Paul (C)Lee"/> 
<Avatar URL="cb/English/Paul/Output/Peter.swf" name="(L)English (V)Paul (C)Peter"/>
<Avatar URL="cb/English/Paul/Output/Rick.swf" name="(L)English (V)Paul (C)Rick"/>
<Avatar URL="cb/English/Paul/Output/Robert.swf" name="(L)English (V)Paul (C)Robert"/> 
<Avatar URL="cb/English/Paul/Output/Stan.swf" name="(L)English (V)Paul (C)Stan"/> 
<Avatar URL="cb/English/Paul/Output/Steve.swf" name="(L)English (V)Paul (C)Steve"/> 
<Avatar URL="cb/English/Paul/Output/Tom.swf" name="(L)English (V)Paul (C)Tom"/>
<Avatar URL="cb/Chinese/Liang/Output/Ben.swf" name="(L)Chinese (V)Liang (C)Ben"/> 
<Avatar URL="cb/Chinese/Liang/Output/Carl.swf" name="(L)Chinese (V)Liang (C)Carl"/> 
<Avatar URL="cb/Chinese/Liang/Output/Gene.swf" name="(L)Chinese (V)Liang (C)Gene"/> 
<Avatar URL="cb/Chinese/Liang/Output/Liang.swf" name="(L)Chinese (V)Liang (C)Liang"/> 
<Avatar URL="cb/Chinese/Liang/Output/Jason.swf" name="(L)Chinese (V)Liang (C)Jason"/> 
<Avatar URL="cb/Chinese/Liang/Output/Jim.swf" name="(L)Chinese (V)Liang (C)Jim"/> 
<Avatar URL="cb/Chinese/Liang/Output/John.swf" name="(L)Chinese (V)Liang (C)John"/> 
<Avatar URL="cb/Chinese/Liang/Output/Lee.swf" name="(L)Chinese (V)Liang (C)Lee"/> 
<Avatar URL="cb/Chinese/Liang/Output/Peter.swf" name="(L)Chinese (V)Liang (C)Peter"/>
<Avatar URL="cb/Chinese/Liang/Output/Rick.swf" name="(L)Chinese (V)Liang (C)Rick"/>
<Avatar URL="cb/Chinese/Liang/Output/Robert.swf" name="(L)Chinese (V)Liang (C)Robert"/> 
<Avatar URL="cb/Chinese/Liang/Output/Stan.swf" name="(L)Chinese (V)Liang (C)Stan"/> 
<Avatar URL="cb/Chinese/Liang/Output/Steve.swf" name="(L)Chinese (V)Liang (C)Steve"/> 
<Avatar URL="cb/Chinese/Liang/Output/Tom.swf" name="(L)Chinese (V)Liang (C)Tom"/>
<Avatar URL="cb/Chinese/Hui/Output/Angela.swf" name="(L)Chinese (V)Hui (C)Angela"/> 
<Avatar URL="cb/Chinese/Hui/Output/Anna.swf" name="(L)Chinese (V)Hui (C)Anna"/> 
<Avatar URL="cb/Chinese/Hui/Output/Carla.swf" name="(L)Chinese (V)Hui (C)Carla"/> 
<Avatar URL="cb/Chinese/Hui/Output/Kate.swf" name="(L)Chinese (V)Hui (C)Kate"/> 
<Avatar URL="cb/Chinese/Hui/Output/Lily.swf" name="(L)Chinese (V)Hui (C)Lily"/> 
<Avatar URL="cb/Chinese/Hui/Output/Megan.swf" name="(L)Chinese (V)Hui (C)Megan"/>
<Avatar URL="cb/Chinese/Hui/Output/Mia.swf" name="(L)Chinese (V)Hui (C)Mia"/>
<Avatar URL="cb/Chinese/Hui/Output/Susan.swf" name="(L)Chinese (V)Hui (C)Susan"/> 
<Avatar URL="cb/Chinese/Hui/Output/Tasha.swf" name="(L)Chinese (V)Hui (C)Tasha"/> 
<Avatar URL="cb/Chinese/Hui/Output/Trish.swf" name="(L)Chinese (V)Hui (C)Trish"/>
<Avatar URL="cb/English/Julie/Output/Angela.swf" name="(L)English (V)Julie (C)Angela"/> 
<Avatar URL="cb/English/Julie/Output/Anna.swf" name="(L)English (V)Julie (C)Anna"/> 
<Avatar URL="cb/English/Julie/Output/Carla.swf" name="(L)English (V)Julie (C)Carla"/> 
<Avatar URL="cb/English/Julie/Output/Kate.swf" name="(L)English (V)Julie (C)Kate"/> 
<Avatar URL="cb/English/Julie/Output/Lily.swf" name="(L)English (V)Julie (C)Lily"/> 
<Avatar URL="cb/English/Julie/Output/Megan.swf" name="(L)English (V)Julie (C)Megan"/>
<Avatar URL="cb/English/Julie/Output/Mia.swf" name="(L)English (V)Julie (C)Mia"/>
<Avatar URL="cb/English/Julie/Output/Susan.swf" name="(L)English (V)Julie (C)Susan"/> 
<Avatar URL="cb/English/Julie/Output/Tasha.swf" name="(L)English (V)Julie (C)Tasha"/> 
<Avatar URL="cb/English/Julie/Output/Trish.swf" name="(L)English (V)Julie (C)Trish"/>
</AvatarList>