<?xml version="1.0" encoding="UTF-8"?>
<UIText lang="ChineseS" >
	<Text Label="Matching">配对</Text>
	<Text Label="Share">分享</Text>
	<Text Label="Multiple Choice">选择</Text>
	<Text Label="Fill-in-Blank">填空</Text>
	<Text Label="Tutoring">指导</Text>
	<Text Label="Information Delivery">课程讲解</Text>
	<Text Label="Self Reflection">自测</Text>
	<Text Label="Script Information">课程信息</Text>
	<Text Label="Select Component to Create">选择课件类型</Text>
	<Text Label="Test Component">测试</Text>
	<Text Label="Open">打开</Text>
	<Text Label="Save">保存</Text>
	<Text Label="Config Semantic Engine">配置语言引擎</Text>
	<Text Label="Configure Component">配置课件</Text>
	<Text Label="Scripts">脚本</Text>
	<Text Label="Content">内容</Text>
	<Text Label="Delete">删除</Text>
	<Text Label="Add Scene">添加场景</Text>
	<Text Label="Add Reflection">添加自测</Text>
	<Text Label="Configuration">配置</Text>
	<Text Label="Media Type">多媒体类型</Text>
	<Text Label="Media URL">多媒体链接</Text>
	<Text Label="Use Defaut">使用缺省配置</Text>
	<Text Label="Enable Click">允许点击</Text>
	<Text Label="Auto Play">自动播放</Text>
	<Text Label="Show Avatar">显示虚拟头像</Text>
	<Text Label="Use AIML">使用AIML</Text>
	<Text Label="TITLE">标题</Text>
	<Text Label="Spoken Text for Avatar">语音脚本</Text>
	<Text Label="Display Text">显示脚本</Text>
	<Text Label="Find out how to use this.">如何使用？</Text>
	<Text Label="Test">测试</Text>
	<Text Label="Test Avatar">测试虚拟头像</Text>
	<Text Label="Author Notes">作者便签</Text>
	<Text Label="Background Image">背景图片</Text>
	<Text Label="Slide 1">场景1</Text>
	<Text Label="Slide 2">场景2</Text>
	<Text Label="Slide 3">场景3</Text>
	<Text Label="Slide 4">场景4</Text>
	<Text Label="Slide 5">场景5</Text>
	<Text Label="share your SKO">分享我的SKO</Text>
	<Text Label="As New Entry">标记为新课程</Text>
	<Text Label="Teacher Avatar">教师虚拟头像</Text>
	<Text Label="Student Avatar">学生虚拟头像</Text>
	<Text Label="Logical Next(GUID)">选择GUID</Text>
	<Text Label="Select Avatar">选择虚拟头像</Text>
	<Text Label="Type your notes">输入你的便签</Text>
	<Text Label="Not saved yet">未保存</Text>
	<Text Label="Minimum Rank(weight*Strength)">最小秩(权重＊强度)</Text>
	<Text Label="Minmum Association Strength">最小关联强度</Text>
	<Text Label="Minmum Item Weight">最小权重</Text>
	<Text Label="Domain">领域</Text>
	<Text Label="Weight Criteria">权重标准</Text>
	<Text Label="Semantic Space">语义空间</Text>
	<Text Label="Reload Spaces">重载语义空间</Text>
	<Text Label="Reload Domains">重载语义领域</Text>
	<Text Label="Prepare this SKO with Selected Semantic Space and Domain">使用已选择的语义空间及领域配置SKO</Text>
	<Text Label="Summary">总结</Text>
	<Text Label="delete Choice">删除选项</Text>
	<Text Label="delete Group">删除组</Text>
	<Text Label="Question">问题</Text>
	<Text Label="CHOICE_1">选项1</Text>
	<Text Label="CHOICE_2">选项2</Text>
	<Text Label="CHOICE_3">选项3</Text>
	<Text Label="CHOICE_4">选项4</Text>
	<Text Label="CHOICE_5">选项5</Text>
	<Text Label="Choice A">选项A</Text>
	<Text Label="Choice B">选项B</Text>
	<Text Label="Choice C">选项C</Text>
	<Text Label="Choice D">选项D</Text>
	<Text Label="Choice E">选项E</Text>	
	<Text Label="Scene 1">场景1</Text>
	<Text Label="Expectation">期望</Text>
	<Text Label="HINTS">线索</Text>
	<Text Label="Hint1">线索1</Text>
	<Text Label="Hint2">线索2</Text>
	<Text Label="Hint3">线索3</Text>
	<Text Label="Hint4">线索4</Text>
	<Text Label="Hint 1">提示 1</Text>
	<Text Label="Hint 2">提示 2</Text>
	<Text Label="Hint 3">提示 3</Text>
	<Text Label="Hint 4">提示 4</Text>
	<Text Label="Spoken Text">对话文本</Text>
	<Text Label="Semantic Answer">语义答案</Text>
	<Text Label="Delete Hint">删除线索</Text>
	<Text Label="Ideal Answer">理想答案</Text>
	<Text Label="Threshold">门限</Text>
	<Text Label="PROMPTS">提示</Text>
	<Text Label="RegExp Answer">RegExp答案</Text>	
	<Text Label="expectation1">期望1</Text>
	<Text Label="expectation2">期望2</Text>
	<Text Label="expectation3">期望3</Text>
	<Text Label="expectation4">期望4</Text>
	<Text Label="Delete Exp">删除期望</Text>
	<Text Label="Utility">工具</Text>
	<Text Label="Seed Question">种子问题</Text>
	<Text Label="Analyze Expectations">期望分析</Text>
	<Text Label="SnapShot>">快照</Text>
	<Text Label="Click to see how to use this for better tutoring SKO.">如何更好的了解SKO</Text>
	<Text Label="Check Fields">检查</Text>
	<Text Label="Display">文本显示</Text>
	<Text Label="Spoken">口头</Text>
	<Text Label="Find out how to configure SKO, very important!">如何配置SKO,十分重要！</Text>
	<Text Label="Find out more on how to configue semantic engine for this SKO.">如何配置语言引擎</Text>
	<Text Label="Find out how and why you need to prepare semantic engine.">为什么要配置语言引擎</Text>
	<Text Label="Item Configuration">项目设置</Text>
	<Text Label="Interface Configuration">界面设置</Text>
	<Text Label="Find out details.">更多细节</Text>
	<Text Label="Find out how to use media files.">如何使用媒体文件</Text>
	<Text Label="Semantic">语义</Text>
	<Text Label="Semantics Coverage">语义覆盖</Text>
	<Text Label="RegExp Coverage">RegExp覆盖</Text>
	<Text Label="Test Input">文本输入</Text>
	<Text Label="Evaluate Expectations">期望评估</Text>
	<Text Label="Update To Scripts">脚本更新</Text>
	 <Text Label="Reload From Scripts">脚本重载</Text>
	 <Text Label="Expectation Text">期望文本</Text>
	 <Text Label="Add New">添加</Text>
	 <Text Label="Update">更新</Text>
	 <Text Label="Remove">删除</Text>
	 <Text Label="Click here for more information.">更多信息</Text>
	 <Text Label="Activated">激活</Text>
	 <Text Label="Correct Answer">正确答案</Text>
	 <Text Label="Choice:">选项:</Text>
	 <Text Label="Hints">提示</Text>
	 <Text Label="Feedbacks">反馈</Text>
	 <Text Label="Add more hints">添加提示</Text>
	 <Text Label="Delete selected hints">删除已选提示</Text>
	 <Text Label="Included">收录</Text>	
	 <Text Label="Fill In The Blank">填空</Text>
	 <Text Label="Input Text">输入文本</Text>
	 <Text Label="Analyze Input">输入文本分析</Text>
	 <Text Label="Find out how to link SKO to another SKO or web page.">如何链接另一个SKO或者网页</Text>
	 <Text Label="Matching Pair">匹配对</Text>
	 <Text Label="Pair Right Side">右边</Text>
	 <Text Label="Shuffle Order">乱序</Text>
	 <Text Label="Add More Pair">添加配对</Text>
	 <Text Label="Delete Selected Pair">删除已选配对</Text>
	 <Text Label="Find out how to edit matching questions.">如何编辑配对问题</Text>
	 <Text Label="Report Buggs(evaluation team members only)">报告错误（仅限评估小组成员）</Text>
	 <Text Label="Filled">已选</Text>
	 <Text Label="Find out how to edit choice for Multiple Choice Questions.">如何编辑多项选择题目</Text>
	
	
	

</UIText>
