<AutoTutorScript>
  <SpeechActs>
    <SpeechAct name="MetaCog">\b(believed?|comprehend(ed)?|confus(ed)?|explained|follow(ed)?|guess(ed)?|imagined?|interpret(ed)?|known?|knew|know|messed|recogniz(ed)?|seen?|saw|suppos(ed)?|sure|idea|clue|lost|[Ff]orgot|confused|help|think|get|thought|understand|understood)\b</SpeechAct>
    <SpeechAct name="MetaCom">\b([|add|added|[Aa]nswer|answered|[Cc]larify|clarified|miss|missed|modify|modified|note|noted|[Rr]epeat|repeated|[Rr]estate|[Rr]ephrase|[Ee]laborate|[Ee]xplain|restated|[Ss]ay|said|saying|speak|spoken|ask|wait|pardon|excuse|speaking|specify|[Ss]pecific|specified|[Tt]ell|told|telling|[Qq]uestion)\b</SpeechAct>
    <SpeechAct name="Yes">\b([Yy]es|[Yy]ep|[Yy]eah|[Yy]a|[Dd]efinitely|[Aa]ffirmative|[Oo]kay|[Hh]mm|[Oo]k|mm|um)\b</SpeechAct>
    <SpeechAct name="No">\b([Nn]o|[Nn]ope|[Nn]ah?|[Nn]ot|[Nn]egative|[Nn]O)\b</SpeechAct>
  </SpeechActs>
  <Rules childrenURL="">
    <Rule name="Start" status="Start" response="" event="" hasItem="" priority="" frequency="" description="This is the beginning of the conversation.">
      <Action agent="System" act="SetStatus" data="Opening" id="1"/>
      <Action agent="System" act="ShowMedia" data="page.html" id="2"/>
      <Action agent="System" act="GetRule" data="" id="13"/>
    </Rule>
    <Rule name="Opening" status="Opening" response="" event="" hasItem="" priority="" frequency="" description="This rule delivers an opening pack if it is available.">
      <Action agent="System" act="DeliverRigidPack" data="Opening" id="1"/>
      <Action agent="System" act="GetTutoringPack" data="" id="2"/>
      <Action agent="System" act="SetStatus" data="GetTutoringPack" id="3"/>
      <Action agent="System" act="GetRule" data="" id="4"/>
    </Rule>
    <Rule name="NoMoreTutoringPack" status="GetTutoringPack" response="" event="" hasItem="false" priority="" frequency="" description="Turns to final closing when all tutoring packs have been covered.">
      <Action agent="System" act="SetStatus" data="Closing" id="1"/>
      <Action agent="System" act="GetRule" data="" id="2"/>
    </Rule>
    <Rule name="StartTutoring" status="GetTutoringPack" response="" event="" hasItem="true" priority="" frequency="" description="Turns to the main question of the next tutoring pack.">
      <Action agent="System" act="SetStatus" data="MainQuestion" id="1"/>
      <Action agent="System" act="GetRule" data="" id="2"/>
    </Rule>
    <Rule name="AskMQ" status="MainQuestion" response="" event="" hasItem="" priority="" frequency="" description="Ask the main question, assuming that there is always at least one main question prepared for the tutor agent.">
      <Action agent="ComputerTutor" act="AskMainQuestion" data="" id="1"/>
      <Action agent="System" act="SetStatus" data="AskMainQuestion" id="2"/>
      <Action agent="System" act="WaitForInput" data="30" id="3"/>
    </Rule>
    <Rule name="FB2MQGood" status="AskMainQuestion" response="Main-Good" event="" hasItem="" priority="1" frequency="" description="User's answer is ideal. Give feedback and turn to positive transition pack.">
      <Action agent="ComputerStudent" act="GiveFeedback" data="StudentPositiveFeedback" id="1"/>
      <Action agent="ComputerTutor" act="GiveFeedback" data="MQPositiveFeedback" id="2"/>
      <Action agent="System" act="SetStatus" data="PositiveTransition" id="3"/>
      <Action agent="System" act="GetRule" data="" id="4"/>
    </Rule>
    <Rule name="FB2MQBad" status="AskMainQuestion" response="Main-Bad" event="" hasItem="" priority="2" frequency="" description="User's answer is bad. Give feedback and get into expectation.">
      <Action agent="ComputerStudent" act="Answer" data="Bad" id="1"/>
      <Action agent="ComputerTutor" act="GiveFeedback" data="NegativeFeedback" id="2"/>
      <Action agent="System" act="GetExpectation" data="" id="3"/>
      <Action agent="System" act="SetStatus" data="GetExpectation" id="4"/>
      <Action agent="System" act="GetRule" data="" id="5"/>
    </Rule>
    <Rule name="FB2MQMetaCog" status="AskMainQuestion" response="MetaCog" event="" hasItem="" priority="3" frequency="" description="When user gives MetaCog, give MetaCog repsonse and get into expectation.">
      <Action agent="ComputerTutor" act="CannedExpression" data="MetaCogRsp" id="1"/>
      <Action agent="System" act="GetExpectation" data="" id="2"/>
      <Action agent="System" act="SetStatus" data="GetExpectation" id="3"/>
      <Action agent="System" act="GetRule" data="" id="4"/>
    </Rule>
    <Rule name="PumpBlank" status="AskMainQuestion" response="Main-Blank" event="" hasItem="" priority="4" frequency="" description="User's answer is blank, give a pump.">
      <Action agent="ComputerTutor" act="CannedExpression" data="PumpBlank" id="1"/>
      <Action agent="System" act="SetStatus" data="Pump" id="2"/>
      <Action agent="System" act="WaitForInput" data="120" id="3"/>
    </Rule>
    <Rule name="TryMQRepeat" status="AskMainQuestion" response="MetaCom" event="" hasItem="" priority="5" frequency="" description="User wants to repeat the question. Look for the second main question.">
      <Action agent="ComputerStudent" act="CannedExpression" data="StudentMetaComRsp" id="1"/>
      <Action agent="ComputerStudent" act="RepeatMainQuestion" data="" id="2"/>
      <Action agent="System" act="SetStatus" data="RepeatMQ" id="3"/>
      <Action agent="System" act="WaitForInput" data="120" id="4"/>
    </Rule>
    <Rule name="FB2RepeatMQGood" status="RepeatMQ" response="Main-Good" event="" hasItem="" priority="1" frequency="" description="">
      <Action agent="ComputerStudent" act="GiveFeedback" data="StudentPositiveFeedback" id="1"/>
      <Action agent="ComputerTutor" act="GiveFeedback" data="MQPositiveFeedback" id="2"/>
      <Action agent="System" act="SetStatus" data="PositiveTransition" id="3"/>
      <Action agent="System" act="GetRule" data="" id="4"/>
    </Rule>
    <Rule name="FB2RepeatMQBad" status="RepeatMQ" response="Main-Bad" event="" hasItem="" priority="2" frequency="" description="">
      <Action agent="ComputerStudent" act="Answer" data="Bad" id="1"/>
      <Action agent="ComputerTutor" act="GiveFeedback" data="NegativeFeedback" id="2"/>
      <Action agent="System" act="GetExpectation" data="" id="3"/>
      <Action agent="System" act="SetStatus" data="GetExpectation" id="4"/>
      <Action agent="System" act="GetRule" data="" id="5"/>
    </Rule>
    <Rule name="FB2RepeatMQOther" status="RepeatMQ" response="" event="" hasItem="" priority="3" frequency="" description="When user asks to repeat the question, get into expectation if there no more main question.">
      <Action agent="ComputerTutor" act="GiveFeedback" data="NeutralFeedback" id="1"/>
      <Action agent="System" act="GetExpectation" data="" id="2"/>
      <Action agent="System" act="SetStatus" data="GetExpectation" id="3"/>
      <Action agent="System" act="GetRule" data="" id="4"/>
    </Rule>
    <Rule name="FB2MQIrrelevant" status="AskMainQuestion" response="Main-Irrelevant" event="" hasItem="" priority="6" frequency="1" description="User's answer is irrelevant. Give irrelevant response and get into expectation.">
      <Action agent="ComputerTutor" act="CannedExpression" data="IrrelRsp" id="1"/>
      <Action agent="System" act="GetExpectation" data="" id="2"/>
      <Action agent="System" act="SetStatus" data="GetExpectation" id="3"/>
      <Action agent="System" act="GetRule" data="" id="4"/>
    </Rule>
    <Rule name="CheckConfusionOne" status="AskMainQuestion" response="" event="UserConfused" hasItem="" priority="7" frequency="1" description="Check confusion.">
      <Action agent="ComputerTutor" act="CannedExpression" data="ConfusionFeedback" id="1"/>
      <Action agent="System" act="GetExpectation" data="" id="2"/>
      <Action agent="System" act="SetStatus" data="GetTutorHint" id="3"/>
      <Action agent="System" act="GetRule" data="" id="4"/>
    </Rule>
    <Rule name="CheckConfusionTwo" status="AskMainQuestion" response="" event="UserConfused" hasItem="" priority="7" frequency="3" description="Check confusion.">
      <Action agent="ComputerStudent" act="CannedExpression" data="StudentConfusionFeedback" id="1"/>
      <Action agent="ComputerTutor" act="CannedExpression" data="ConfusionFeedback" id="2"/>
      <Action agent="System" act="GetExpectation" data="" id="3"/>
      <Action agent="System" act="SetStatus" data="GetTutorHint" id="4"/>
      <Action agent="System" act="GetRule" data="" id="5"/>
    </Rule>
    <Rule name="FB2MQConfusionOne" status="AskMainQuestion" response="" event="CheckConfusion" hasItem="" priority="7" frequency="1" description="Skip pumps sometimes.">
      <Action agent="ComputerTutor" act="CannedExpression" data="ConfusionFeedback" id="1"/>
      <Action agent="System" act="GetExpectation" data="" id="2"/>
      <Action agent="System" act="SetStatus" data="GetTutorHint" id="3"/>
      <Action agent="System" act="GetRule" data="" id="4"/>
    </Rule>
    <Rule name="FB2MQConfusionTwo" status="AskMainQuestion" response="" event="CheckConfusion" hasItem="" priority="7" frequency="3" description="Skip pumps sometimes.">
      <Action agent="ComputerStudent" act="CannedExpression" data="StudentConfusionFeedback" id="1"/>
      <Action agent="ComputerTutor" act="CannedExpression" data="ConfusionFeedback" id="2"/>
      <Action agent="System" act="GetExpectation" data="" id="3"/>
      <Action agent="System" act="SetStatus" data="GetTutorHint" id="4"/>
      <Action agent="System" act="GetRule" data="" id="5"/>
    </Rule>
    <Rule name="Pump" status="AskMainQuestion" response="" event="" hasItem="" priority="8" frequency="1" description="For all other situations, give a pump.">
      <Action agent="ComputerTutor" act="CannedExpression" data="Pump" id="1"/>
      <Action agent="System" act="SetStatus" data="Pump" id="2"/>
      <Action agent="System" act="WaitForInput" data="120" id="3"/>
    </Rule>
    <Rule name="FB2PumpGood" status="Pump" response="Main-Good" event="" hasItem="" priority="1" frequency="" description="User's answer is ideal. Closing current tutoring pack and find next tutoring pack.">
      <Action agent="ComputerStudent" act="GiveFeedback" data="StudentPositiveFeedback" id="1"/>
      <Action agent="ComputerTutor" act="GiveFeedback" data="MQPositiveFeedback" id="2"/>
      <Action agent="System" act="SetStatus" data="PositiveTransition" id="3"/>
      <Action agent="System" act="GetRule" data="" id="4"/>
    </Rule>
    <Rule name="FB2PumpBad" status="Pump" response="Main-Bad" event="" hasItem="" priority="2" frequency="" description="User's answer is bad. Student agrees and gives a bad answer. Tutor corrects and get into expectation.">
      <Action agent="ComputerStudent" act="Answer" data="Bad" id="1"/>
      <Action agent="ComputerTutor" act="GiveFeedback" data="NegativeFeedback" id="2"/>
      <Action agent="System" act="GetExpectation" data="" id="3"/>
      <Action agent="System" act="SetStatus" data="GetExpectation" id="4"/>
      <Action agent="System" act="GetRule" data="" id="5"/>
    </Rule>
    <Rule name="FB2PumpOther" status="Pump" response="" event="" hasItem="" priority="3" frequency="" description="All other cases, get into expectation.">
      <Action agent="ComputerTutor" act="GiveFeedback" data="NeutralFeedback" id="1"/>
      <Action agent="System" act="GetExpectation" data="" id="2"/>
      <Action agent="System" act="SetStatus" data="GetExpectation" id="3"/>
      <Action agent="System" act="GetRule" data="" id="4"/>
    </Rule>
    <Rule name="FB2MQOther" status="AskMainQuestion" response="" event="" hasItem="" priority="9" frequency="2" description="Skip pumps sometimes.">
      <Action agent="ComputerTutor" act="CannedExpression" data="NeutralFeedback" id="1"/>
      <Action agent="System" act="GetExpectation" data="" id="2"/>
      <Action agent="System" act="SetStatus" data="GetExpectation" id="3"/>
      <Action agent="System" act="GetRule" data="" id="4"/>
    </Rule>
    <Rule name="NoMoreExpectation" status="GetExpectation" response="" event="" hasItem="false" priority="" frequency="" description="When no more expectation available, get into negative transition.">
      <Action agent="ComputerTutor" act="GiveFeedback" data="NeutralFeedback" id="1"/>
      <Action agent="System" act="SetStatus" data="NegativeTransition" id="2"/>
      <Action agent="System" act="GetRule" data="" id="3"/>
    </Rule>
    <Rule name="StartExpectation" status="GetExpectation" response="" event="" hasItem="true" priority="" frequency="" description="Try to find a student hint when an expectation is available.">
      <Action agent="ComputerTutor" act="GetHint" data="" id="1"/>
      <Action agent="System" act="SetStatus" data="GetTutorHint" id="2"/>
      <Action agent="System" act="GetRule" data="" id="3"/>
    </Rule>
    <Rule name="NoMoreTutorHint" status="GetTutorHint" response="" event="" hasItem="false" priority="" frequency="" description="Try to find a studentn prompt if there is not tutor hint.">
      <Action agent="ComputerTutor" act="GetPrompt" data="" id="1"/>
      <Action agent="System" act="SetStatus" data="GetTutorPrompt" id="2"/>
      <Action agent="System" act="GetRule" data="" id="3"/>
    </Rule>
    <Rule name="TutorHint" status="GetTutorHint" response="" event="" hasItem="true" priority="" frequency="" description="Deliver tutor hint if there is any.">
      <Action agent="ComputerTutor" act="CannedExpression" data="HintStart" id="1"/>
      <Action agent="ComputerTutor" act="DeliverHint" data="" id="2"/>
      <Action agent="System" act="SetStatus" data="Hint" id="3"/>
      <Action agent="System" act="WaitForInput" data="30" id="4"/>
    </Rule>
    <Rule name="NoMoreTutorPrompt" status="GetTutorPrompt" response="" event="" hasItem="false" priority="" frequency="" description="Try to find a good answer to the expectation when no more prompt is available.">
      <Action agent="ComputerTutor" act="GetAnswer" data="Good" id="1"/>
      <Action agent="System" act="SetStatus" data="GetExpectationAnswer" id="2"/>
      <Action agent="System" act="GetRule" data="" id="3"/>
    </Rule>
    <Rule name="TutorPrompt" status="GetTutorPrompt" response="" event="" hasItem="true" priority="" frequency="" description="Deliver tutor prompt if there is any.">
      <Action agent="ComputerTutor" act="CannedExpression" data="PromptStart" id="1"/>
      <Action agent="ComputerTutor" act="DeliverPrompt" data="" id="2"/>
      <Action agent="System" act="SetStatus" data="Prompt" id="3"/>
      <Action agent="System" act="WaitForInput" data="120" id="4"/>
    </Rule>
    <Rule name="Assertion" status="GetExpectationAnswer" response="" event="" hasItem="true" priority="" frequency="" description="Deliver assertion and get into another expectation.">
      <Action agent="ComputerTutor" act="Assertion" data="" id="1"/>
      <Action agent="System" act="GetExpectation" data="" id="2"/>
      <Action agent="System" act="SetStatus" data="GetExpectation" id="3"/>
      <Action agent="System" act="GetRule" data="" id="4"/>
    </Rule>
    <Rule name="NoAssertion" status="GetExpectationAnswer" response="" event="" hasItem="false" priority="" frequency="" description="Get into another expectation if no assertion available.">
      <Action agent="System" act="GetExpectation" data="" id="1"/>
      <Action agent="System" act="SetStatus" data="GetExpectation" id="2"/>
      <Action agent="System" act="GetRule" data="" id="3"/>
    </Rule>
    <Rule name="FB2HintGood" status="Hint" response="Hint-Good" event="" hasItem="" priority="1" frequency="" description="User's answer is good to hint. Give feedback and turn to prompt.">
      <Action agent="ComputerTutor" act="GiveFeedback" data="PositiveFeedback" id="1"/>
      <Action agent="System" act="SetStatus" data="GetExpectationAnswer" id="2"/>
      <Action agent="System" act="GetRule" data="" id="3"/>
    </Rule>
    <Rule name="FB2HintBad" status="Hint" response="Hint-Bad" event="" hasItem="" priority="2" frequency="" description="User's answer is bad to hint. Student agent agrees wrongly. Tutor agent corrects. Turn to prompt.">
      <Action agent="ComputerStudent" act="Answer" data="Bad" id="1"/>
      <Action agent="ComputerTutor" act="GiveFeedback" data="NegativeFeedback" id="2"/>
      <Action agent="ComputerTutor" act="GetPrompt" data="" id="3"/>
      <Action agent="System" act="SetStatus" data="GetTutorPrompt" id="4"/>
      <Action agent="System" act="GetRule" data="" id="5"/>
    </Rule>
    <Rule name="FB2HintConfusion" status="Hint" response="" event="CheckConfusion" hasItem="" priority="3" frequency="1" description="User's prompt answer is bad, give feedback and turn to assertion.">
      <Action agent="ComputerTutor" act="GiveFeedback" data="ConfusionFeedback" id="1"/>
      <Action agent="ComputerTutor" act="Answer" data="Good" id="2"/>
      <Action agent="System" act="SetStatus" data="GetExpectationAnswer" id="3"/>
      <Action agent="System" act="GetRule" data="" id="4"/>
    </Rule>
    <Rule name="CheckHintConfusione" status="Hint" response="" event="UserConfused" hasItem="" priority="3" frequency="1" description="All other hint reponses. Turn to prompt.">
      <Action agent="ComputerTutor" act="GiveFeedback" data="ConfusionFeedback" id="1"/>
      <Action agent="ComputerTutor" act="Answer" data="Good" id="2"/>
      <Action agent="System" act="SetStatus" data="GetExpectationAnswer" id="3"/>
      <Action agent="System" act="GetRule" data="" id="4"/>
    </Rule>
    <Rule name="FB2HintOther" status="Hint" response="" event="" hasItem="" priority="4" frequency="4" description="All other hint reponses. Turn to prompt.">
      <Action agent="ComputerTutor" act="GiveFeedback" data="NeutralFeedback" id="1"/>
      <Action agent="ComputerTutor" act="GetPrompt" data="" id="1"/>
      <Action agent="System" act="SetStatus" data="GetTutorPrompt" id="2"/>
      <Action agent="System" act="GetRule" data="" id="3"/>
    </Rule>
    <Rule name="FB2PromptGood" status="Prompt" response="Prompt-Good" event="" hasItem="" priority="1" frequency="" description="User's answer is good to the prompt. Give feedback and turn to assertion.">
      <Action agent="ComputerTutor" act="GiveFeedback" data="PositiveFeedback" id="1"/>
      <Action agent="System" act="SetStatus" data="GetExpectationAnswer" id="2"/>
      <Action agent="System" act="GetRule" data="" id="3"/>
    </Rule>
    <Rule name="FB2PromptBad" status="Prompt" response="Prompt-Bad" event="" hasItem="" priority="2" frequency="" description="User's prompt answer is bad, give feedback and turn to assertion.">
      <Action agent="ComputerTutor" act="GiveFeedback" data="NegativeFeedback" id="1"/>
      <Action agent="ComputerTutor" act="Answer" data="Good" id="2"/>
      <Action agent="System" act="SetStatus" data="GetExpectationAnswer" id="3"/>
      <Action agent="System" act="GetRule" data="" id="4"/>
    </Rule>
    <Rule name="FB2PromptOther" status="Prompt" response="" event="" hasItem="" priority="3" frequency="" description="Any other prompt responses, give prompt answer and turn to assertion.">
      <Action agent="ComputerTutor" act="Answer" data="Good" id="1"/>
      <Action agent="System" act="SetStatus" data="GetExpectationAnswer" id="2"/>
      <Action agent="System" act="GetRule" data="" id="3"/>
    </Rule>
    <Rule name="NegTransition" status="NegativeTransition" response="" event="" hasItem="" priority="" frequency="" description="Negative transition to next tutoring pack.">
      <Action agent="System" act="DeliverRigidPack" data="NegativeTransition" id="1"/>
      <Action agent="System" act="GetTutoringPack" data="" id="2"/>
      <Action agent="System" act="SetStatus" data="GetTutoringPack" id="3"/>
      <Action agent="System" act="GetRule" data="" id="4"/>
    </Rule>
    <Rule name="PosTransition" status="PositiveTransition" response="" event="" hasItem="" priority="" frequency="" description="Positive transition to next tutoring pack.">
      <Action agent="System" act="DeliverRigidPack" data="PositiveTransition" id="1"/>
      <Action agent="System" act="GetTutoringPack" data="" id="2"/>
      <Action agent="System" act="SetStatus" data="GetTutoringPack" id="3"/>
      <Action agent="System" act="GetRule" data="" id="4"/>
    </Rule>
    <Rule name="Closing" status="Closing" response="" event="" hasItem="" priority="" frequency="" description="Final closing">
      <Action agent="System" act="DeliverRigidPack" data="Closing" id="1"/>
      <Action agent="System" act="SetStatus" data="End" id="2"/>
    </Rule>
  </Rules>
  <Agents>
    <Agent name="ComputerTutor" firstName="Angela" lastName="Teacherson" title="Dr." displayName="ComputerTutor" gender="Male">
      <SpeechCan name="MQPositiveFeedback">
        <Item text="Good answer." speech=" " note=""/>
        <Item text="Good." speech=" " note=""/>
        <Item text="Right." speech=" " note=""/>
        <Item text="Yeah, that's right." speech=" " note=""/>
        <Item text="Excellent!" speech=" " note=""/>
        <Item text="Correct." speech=" " note=""/>
      </SpeechCan>
      <SpeechCan name="PositiveFeedback">
        <Item text="Good answer." speech=" " note=""/>
        <Item text="Good." speech=" " note=""/>
        <Item text="Right." speech=" " note=""/>
        <Item text="Yeah, that's right." speech=" " note=""/>
      </SpeechCan>
      <SpeechCan name="MetaComRsp">
        <Item text="Once again." speech=" "/>
        <Item text="Once more." speech=" "/>
        <Item text="Let me say that again." speech=" "/>
        <Item text="Let me repeat." speech=" "/>
        <Item text="Okay." speech=" "/>
      </SpeechCan>
      <SpeechCan name="PromptStart">
        <Item text="Try this." speech=" "/>
        <Item text="See if you can get this." speech=" "/>
        <Item text="Let's try this." speech=" "/>
        <Item text="See if you know the answer to this." speech=" "/>
        <Item text="What about this." speech=" "/>
      </SpeechCan>
      <SpeechCan name="PumpBlank">
        <Item text="I will give you some more time." speech=" "/>
      </SpeechCan>
      <SpeechCan name="Pump">
        <Item text="And can you add to that?" speech=" "/>
        <Item text="What else?" speech=" "/>
        <Item text="Anything else?" speech=" "/>
        <Item text="What else can you say about it?" speech=" "/>
        <Item text="Can you add anything to that?" speech=" "/>
        <Item text="Is there anything you can add to this?" speech=" "/>
        <Item text="And can you add to that?" speech=" "/>
        <Item text="Could you elaborate on that a little?" speech=""/>
      </SpeechCan>
      <SpeechCan name="NegativeFeedback">
        <Item text="No." speech=" "/>
        <Item text="Not really." speech=""/>
        <Item text="That's not right." speech=""/>
      </SpeechCan>
      <SpeechCan name="NeutralFeedback">
        <Item text="All right." speech=" "/>
        <Item text="OK." speech=" "/>
      </SpeechCan>
      <SpeechCan name="MetaCogRsp">
        <Item text="Let's work through it together." speech=" "/>
        <Item text="Please try to answer at least part of the question." speech=" "/>
        <Item text="tell me what you know, and we'll go from there." speech=" "/>
        <Item text="If you can at least try to answer, we can start building from there." speech=" "/>
        <Item text="Try to answer, so that we have a starting point from which to build." speech=" "/>
        <Item text="If you give me some sort of an answer, we can at least start from there and build." speech=" "/>
      </SpeechCan>
      <SpeechCan name="IrrelRsp">
        <Item text="Let's focus on the main idea." speech=" "/>
      </SpeechCan>
      <SpeechCan name="HintStart">
        <Item text="This might help." speech=" "/>
        <Item text="Consider this." speech=" "/>
        <Item text="Think about this." speech=" "/>
        <Item text="Look at it this way." speech=" "/>
        <Item text="Let me help you a little." speech=" "/>
        <Item text="Let's try this together." speech=" "/>
        <Item text="Let me help you here." speech=" "/>
      </SpeechCan>
      <SpeechCan name="ConfusionFeedback">
        <Item text="It's okay if you're confused, we will work together." speech=" "/>
        <Item text="It seems like you may not understand the question." speech=" "/>
        <Item text="I feel like you may be confused. That can happen." speech=" "/>
        <Item text="Many people find this confusing. " speech=" "/>
        <Item text="Are you unsure of what to do? That's OK. We will work through it?" speech=" "/>
      </SpeechCan>
    </Agent>
    <Agent name="ComputerStudent" firstName="Gene" lastName="Classmate" title="Mr." displayName="ComputerStudent" gender="Male">
      <SpeechCan name="StudentConfusionFeedback">
        <Item text="I don't know where to start." speech=" "/>
        <Item text="This does not make sense to me." speech=" "/>
        <Item text="I am not sure I understand the question." speech=" "/>
        <Item text="This material is a bit confusing" speech=" "/>
      </SpeechCan>
      <SpeechCan name="StudentMetaComRsp">
        <Item text="Once again." speech=" "/>
        <Item text="Once more." speech=" "/>
        <Item text="Let me try." speech=" "/>
        <Item text="Maybe we should read the question again." speech=" "/>
        <Item text="Let's take another look." speech=" "/>
      </SpeechCan>
      <SpeechCan name="StudentPositiveFeedback">
        <Item text="I think you are right." speech=" "/>
        <Item text="I agree with you." speech=" "/>
        <Item text="_user_, that seems right to me." speech=" "/>
        <Item text="Yeah, that's right." speech=" "/>
        <Item text="It seems like you are on the right track." speech=" "/>
      </SpeechCan>
    </Agent>
  </Agents>
  <RigidPacks>
    <RigidPack name="Closing" usedIn="Q1">
      <Item id="1" agent="ComputerTutor" text="Semiconductors like silicon have low conductivity. Doping increases the conductivity in the semiconductor by creating extra holes in the P-type material." speech=""/>
      <Item id="2" agent="ComputerStudent" text="Semiconductors like silicon have low conductivity. Doping increases the conductivity in the semiconductor by creating extra holes in the P-type material." speech=""/>
      <Item id="3" agent="ComputerStudent" text="I think _user_ and I get it now." speech="I think _user_ and I get it now."/>
      <Item id="4" agent="ComputerTutor" text="Great! You two have completed this section on P-N junction. I hope to see you again soon!" speech="Great! You two have completed this section on P-N junction. I hope to see you again soon!"/>
    </RigidPack>
    <RigidPack name="Opening" usedIn="">
      <Item id="1" agent="ComputerStudent" text="Hello, _NAMET_ and _user_. My name is _SELF_. What are we doing today?" speech=""/>
      <Item id="2" agent="ComputerTutor" text="Hi, _NAMES1_ and _user_. I am _SELF_. Welcome to my class. In this section, we will talk about P-N junction." speech="Hi _NAMES1_ and _user_. I am _SELF_. Welcome to my class. In this section, we will talk about P-N junction."/>
      <Item id="3" agent="ComputerStudent" text="Great! I think power supplies are difficult. Maybe, _user_ can take the first question and help me out." speech=""/>
    </RigidPack>
  </RigidPacks>
  <TutoringPacks>
    <TutoringPack name="Q1">
      <Questions>
        <Question id="1" agent="ComputerTutor" text="_user_, How does the doping process change the conductivity of pure semiconductors (like silicon) and form the P-type material used in P-N junctions?" speech="_user_, How does the doping process change the conductivity of pure semiconductors (like silicon) and form the P-type material used in P-N junctions?" media="https://www.rmit.edu.au/media/public-site-media-production/rmit-images/marketing-only/ia--sia/Physics-1920x960.jpg" itemDif="0.1" MediaType="ImageOnly" ActionBefore="" ActionAfter="" kc="">
          <Answers>
            <Answer name="Ideal answer" agent="ComputerTutor" type="Good" text="Semiconductors like silicon have low conductivity. Doping increases the conductivity in the semiconductor by creating extra holes in the P-type material." speech="" keys="\b(increa\w*|high\w*|ex[sc]?ee\w*|more)\b,\b(low\w*|bott?[ou]m|decrea\w*|drop\w*|dip\w*|end\w*|less|poor\w*|bad|reduc\w*|small\w*)\b,\bholes?\b,\b(charg\w*|conduc\w*)\b" threshold="0.875" test="The capacitor will charge when the pulsating signal increases. And it will release the stored energy to stop the decrease of the signal. This results in a flat DC signal | (RegEx=1, LSA=0.815);The full wave rectifier in the smooth section would change the pulsating signal into a DC signal. | (RegEx=0.333, LSA=0.773)"/>
            <Answer name="MQGoodAns1" agent="ComputerStudent" type="Good" text="Semiconductors like silicon have low conductivity. Doping increases the conductivity in the semiconductor by creating extra holes in the P-type material.&#xD;&#xA;" speech="" keys="\b(increa\w*|high\w*|ex[sc]?ee\w*|more)\b,\b(low\w*|bott?[ou]m|decrea\w*|drop\w*|dip\w*|end\w*|less|poor\w*|bad|reduc\w*|small\w*)\b,\bholes?\b,\b(charg\w*|conduc\w*)\b" threshold=".99" test=""/>
            <Answer name="MQBA1" agent="ComputerStudent" type="Bad" text="The conductivity of a pure semiconductor is high.&#xD;&#xA;" speech="" keys="\b(increa\w*|high\w*|ex[sc]?ee\w*|more)\b" threshold="" test=""/>
          </Answers>
        </Question>
        <Question id="2" agent="ComputerStudent" text="_user_, How to change the conductivity of a pure semiconductor and form the p-type material using doping process?" speech="_user_,  How to change the conductivity of a pure semiconductor and form the p-type material using doping process?" media="" itemDif="0.1">
          <Answers>
            <Answer name="IdealAns" agent="ComputerTutor" type="Good" text="Semiconductors like silicon have low conductivity. Doping increases the conductivity in the semiconductor by creating extra holes in the P-type material.&#xD;&#xA;" speech="" keys="\b(increa\w*|high\w*|ex[sc]?ee\w*|more)\b,\b(low\w*|bott?[ou]m|decrea\w*|drop\w*|dip\w*|end\w*|less|poor\w*|bad|reduc\w*|small\w*)\b,\bholes?\b,\b(charg\w*|conduc\w*)\b" threshold="" test="The capacitor will charge when the pulsating signal increases. And it will release the stored energy to stop the decrease of the signal. This results in a flat DC signal | (RegEx=1, LSA=0.815);The full wave rectifier in the smooth section would change the pulsating signal into a DC signal. | (RegEx=0.333, LSA=0.773)"/>
            <Answer name="MQGA1" agent="ComputerStudent" type="Good" text="Semiconductors like silicon have low conductivity. Doping increases the conductivity in the semiconductor by creating extra holes in the P-type material.&#xD;&#xA;" speech="" keys="\b(increa\w*|high\w*|ex[sc]?ee\w*|more)\b,\b(low\w*|bott?[ou]m|decrea\w*|drop\w*|dip\w*|end\w*|less|poor\w*|bad|reduc\w*|small\w*)\b,\bholes?\b,\b(charg\w*|conduc\w*)\b" threshold="" test=""/>
            <Answer name="MQBA1" agent="ComputerStudent" type="Bad" text="The conductivity of a pure semiconductor is high." speech="" keys="\b(increa\w*|high\w*|ex[sc]?ee\w*|more)\b" threshold="" test=""/>
          </Answers>
        </Question>
      </Questions>
      <Expectations>
        <Expectation id="1" text="Silicon without doping has a low conductivity." kc="Diode_Behavior">
          <Answers>
            <Answer name="Expt1Good1" agent="ComputerTutor" type="Good" text="Silicon without doping has a low conductivity" speech="" keys="\b(low\w*|bott?[ou]m|decrea\w*|drop\w*|dip\w*|end\w*|less|reduc\w*|small\w*)\b" threshold=".6" test=""/>
            <Answer name="Expt1GA2" agent="ComputerStudent" type="Good" text="The conductivity of a pure silicon is low." speech="" keys="\b(low\w*|bott?[ou]m|decrea\w*|drop\w*|dip\w*|end\w*|less|reduc\w*|small\w*)\b" threshold="0.8" test=""/>
            <Answer name="Expt1BA1" agent="ComputerStudent" type="Bad" text="The conductivity of a pure silicon is high." speech="" keys="\b(increa\w*|high\w*|ex[sc]?ee\w*|more)\b" threshold="0.6" test=""/>
          </Answers>
          <Hints>
            <Hint id="1" agent="ComputerTutor" text="How is the conductivity of a pure semiconductor (silicon)?" speech="How is the conductivity of a pure semiconductor (silicon)?" media="">
              <Answers>
                <Answer name="Hint1Good1" agent="ComputerTutor" type="Good" text="Semiconductor naturally has a low conductivity" speech="" keys="\b(low\w*|bott?[ou]m|decrea\w*|drop\w*|dip\w*|end\w*|less|reduc\w*|small\w*)\b" threshold="0.875" test=""/>
                <Answer name="Hint1Good2" agent="ComputerStudent" type="Good" text="The conductivity of a pure semiconductor is low." speech="" keys="\b(low\w*|bott?[ou]m|decrea\w*|drop\w*|dip\w*|end\w*|less|reduc\w*|small\w*)\b" threshold="0.875" test=""/>
                <Answer name="Hint1Bad1" agent="ComputerStudent" type="Bad" text="The conductivity of a pure semiconductor is high" speech="" keys="\b(increa\w*|high\w*|ex[sc]?ee\w*|more)\b" threshold="1" test=""/>
              </Answers>
            </Hint>
            <Hint id="2" agent="ComputerStudent" text="How does silicon without doping differ from a conductor?" speech="How does silicon without doping differ from a conductor?" media="">
              <Answers>
                <Answer name="Hint2GA1" agent="ComputerTutor" type="Good" text="Compare to a conductor silicon without doping has a low conductivity." speech="" keys="\b(low\w*|bott?[ou]m|decrea\w*|drop\w*|dip\w*|end\w*|less|reduc\w*|small\w*)\b" threshold="0.7" test=""/>
                <Answer name="Hint2GA2" agent="ComputerStudent" type="Good" text="The conductivity of silicon is lower than a conductor." speech="" keys="\b(low\w*|bott?[ou]m|decrea\w*|drop\w*|dip\w*|end\w*|less|reduc\w*|small\w*)\b" threshold="0.7" test=""/>
                <Answer name="Hint2BA1" agent="ComputerStudent" type="Bad" text="Silicon’s conductivity is higher than a conductor." speech="" keys="\b(increa\w*|high\w*|ex[sc]?ee\w*|more)\b" threshold="0.7" test=""/>
              </Answers>
            </Hint>
            <Hint id="3" agent="ComputerTutor" text="What is the conductivity of silicon without doping?" speech="What is the conductivity of silicon without doping?" media="">
              <Answers>
                <Answer name="Hint3GA1" agent="ComputerTutor" type="Good" text="Without doping silicon has a low conductivity" speech="" keys="\b(low\w*|bott?[ou]m|decrea\w*|drop\w*|dip\w*|end\w*|less|reduc\w*|small\w*)\b" threshold="0.7" test=""/>
                <Answer name="Hint3GA2" agent="ComputerStudent" type="Good" text="silicon has a low conductivity without doping." speech="" keys="\b(low\w*|bott?[ou]m|decrea\w*|drop\w*|dip\w*|end\w*|less|reduc\w*|small\w*)\b" threshold="0.7" test=""/>
                <Answer name="Hint3BA1" agent="ComputerStudent" type="Bad" text="silicon has a high conductivity without doping." speech="" keys="\b(increa\w*|high\w*|ex[sc]?ee\w*|more)\b" threshold="0.7" test=""/>
              </Answers>
            </Hint>
            <Hint id="4" agent="ComputerStudent" text="Without doping, what would be a semiconductor like silicon conductivity?" speech="Without doping, what would be a semiconductor like silicon conductivity?" media="">
              <Answers>
                <Answer name="Hint4GA1" agent="ComputerTutor" type="Good" text="silicon has a low conductivity without doping." speech="" keys="\b(low\w*|bott?[ou]m|decrea\w*|drop\w*|dip\w*|end\w*|less|reduc\w*|small\w*)\b" threshold="0.7" test=""/>
                <Answer name="Hint4GA2" agent="ComputerStudent" type="Good" text="Without doping silicon has a low conductivity" speech="" keys="\b(low\w*|bott?[ou]m|decrea\w*|drop\w*|dip\w*|end\w*|less|reduc\w*|small\w*)\b" threshold="0.7" test=""/>
                <Answer name="Hint4BA1" agent="ComputerStudent" type="Bad" text="silicon has a high conductivity without doping.&#xD;&#xA;" speech="" keys="\b(increa\w*|high\w*|ex[sc]?ee\w*|more)\b" threshold="0.7" test=""/>
              </Answers>
            </Hint>
          </Hints>
          <Prompts>
            <Prompt id="1" agent="ComputerTutor" text="The conductivity of a conductor is high. What is the conductivity of a semiconductor like silicon?" speech="The conductivity of a conductor is high. What is the conductivity of a semiconductor like silicon?" media="">
              <Answers>
                <Answer name="Prompt1Good1" agent="ComputerTutor" type="Good" text="Low conductivity" speech="" keys="\b(low\w*|bott?[ou]m|decrea\w*|drop\w*|dip\w*|end\w*|less|reduc\w*|small\w*)\b" threshold=".6" test="none&#xD; | (RegEx=1, LSA=0);none&#xD; | (RegEx=1, LSA=0);zero&#xD; | (RegEx=1, LSA=1);none&#xD; | (RegEx=1, LSA=0);V=1/((1/(R1 R5)) (1/R2)) . R1 and R5 in series total in parallel to R2. This one hurts my head.|decrease|&#xD; | (RegEx=0, LSA=0.197);The voltage drop due to ??I?? loop in the circuit cannot be predicted because the answer is dependent on the resistor values. If only the loop ??I?? is considered, without a voltage source, the total voltage drop will be equal to zero considering the closed loop ??I?? .&#xD; | (RegEx=1, LSA=0.351);reduced&#xD; | (RegEx=0, LSA=0.001);not changed&#xD; | (RegEx=0, LSA=0);0&#xD; | (RegEx=1, LSA=0.34);(R1 R2 R5)*U&#xD; | (RegEx=0, LSA=0.066); -I2R2-I5R5 I1R1 where I2 is the current through resistance R2, I5 is the current through resistance R5 and I1 is the current through Resistance R1 and I = (I1 I2)&#xD; | (RegEx=0, LSA=0.22);(r1 r2 r5)*I=e&#xD; | (RegEx=0, LSA=0.066);zero&#xD; | (RegEx=1, LSA=1);---&#xD; | (RegEx=0, LSA=0); =I*RT&#xD; | (RegEx=0, LSA=0);none&#xD; | (RegEx=1, LSA=0);R5-U | (RegEx=0, LSA=0)"/>
                <Answer name="Prompt1Good2" agent="ComputerStudent" type="Good" text="Low" speech="" keys="\b(low\w*|bott?[ou]m|decrea\w*|drop\w*|dip\w*|end\w*|less|reduc\w*|small\w*)\b" threshold=".6" test=""/>
                <Answer name="Prompt1Bad1" agent="ComputerStudent" type="Bad" text="high" speech="" keys="\b(increa\w*|raise|high\w*|up|more|add)\b" threshold="0.7" test="none&#xD; | (RegEx=1, LSA=0);none&#xD; | (RegEx=1, LSA=0);zero&#xD; | (RegEx=1, LSA=1);none&#xD; | (RegEx=1, LSA=0);V=1/((1/(R1 R5)) (1/R2)) . R1 and R5 in series total in parallel to R2. This one hurts my head.|decrease|&#xD; | (RegEx=0, LSA=0.197);The voltage drop due to ??I?? loop in the circuit cannot be predicted because the answer is dependent on the resistor values. If only the loop ??I?? is considered, without a voltage source, the total voltage drop will be equal to zero considering the closed loop ??I?? .&#xD; | (RegEx=1, LSA=0.351);reduced&#xD; | (RegEx=0, LSA=0.001);not changed&#xD; | (RegEx=0, LSA=0);0&#xD; | (RegEx=1, LSA=0.34);(R1 R2 R5)*U&#xD; | (RegEx=0, LSA=0.066); -I2R2-I5R5 I1R1 where I2 is the current through resistance R2, I5 is the current through resistance R5 and I1 is the current through Resistance R1 and I = (I1 I2)&#xD; | (RegEx=0, LSA=0.22);(r1 r2 r5)*I=e&#xD; | (RegEx=0, LSA=0.066);zero&#xD; | (RegEx=1, LSA=1);---&#xD; | (RegEx=0, LSA=0); =I*RT&#xD; | (RegEx=0, LSA=0);none&#xD; | (RegEx=1, LSA=0);R5-U | (RegEx=0, LSA=0)"/>
              </Answers>
            </Prompt>
            <Prompt id="2" agent="ComputerTutor" text="The conductivity of a semiconductor is lower than a conductor. What is the conductivity of silicon?" speech="The conductivity of a semiconductor is lower than a conductor. What is the conductivity of silicon?" media="">
              <Answers>
                <Answer name="Prompt2Good1" agent="ComputerTutor" type="Good" text="The conductivity is low" speech="" keys="\b(low\w*|bott?[ou]m|decrea\w*|drop\w*|dip\w*|end\w*|less|reduc\w*|small\w*)\b" threshold=".6" test="none&#xD; | (RegEx=1, LSA=0);none&#xD; | (RegEx=1, LSA=0);zero&#xD; | (RegEx=1, LSA=1);none&#xD; | (RegEx=1, LSA=0);V=1/((1/(R1 R5)) (1/R2)) . R1 and R5 in series total in parallel to R2. This one hurts my head.|decrease|&#xD; | (RegEx=0, LSA=0.197);The voltage drop due to ??I?? loop in the circuit cannot be predicted because the answer is dependent on the resistor values. If only the loop ??I?? is considered, without a voltage source, the total voltage drop will be equal to zero considering the closed loop ??I?? .&#xD; | (RegEx=1, LSA=0.351);reduced&#xD; | (RegEx=0, LSA=0.001);not changed&#xD; | (RegEx=0, LSA=0);0&#xD; | (RegEx=1, LSA=0.34);(R1 R2 R5)*U&#xD; | (RegEx=0, LSA=0.066); -I2R2-I5R5 I1R1 where I2 is the current through resistance R2, I5 is the current through resistance R5 and I1 is the current through Resistance R1 and I = (I1 I2)&#xD; | (RegEx=0, LSA=0.22);(r1 r2 r5)*I=e&#xD; | (RegEx=0, LSA=0.066);zero&#xD; | (RegEx=1, LSA=1);---&#xD; | (RegEx=0, LSA=0); =I*RT&#xD; | (RegEx=0, LSA=0);none&#xD; | (RegEx=1, LSA=0);R5-U | (RegEx=0, LSA=0)"/>
                <Answer name="Prompt2Good2" agent="ComputerStudent" type="Good" text="Low" speech="" keys="\b(low\w*|bott?[ou]m|decrea\w*|drop\w*|dip\w*|end\w*|less|reduc\w*|small\w*)\b" threshold=".6" test=""/>
                <Answer name="Prompt2Bad1" agent="ComputerTutor" type="Bad" text="High" speech="" keys="\b(increa\w*|high\w*|ex[sc]?ee\w*|more)\b" threshold=".6" test="none&#xD; | (RegEx=1, LSA=0);none&#xD; | (RegEx=1, LSA=0);zero&#xD; | (RegEx=1, LSA=1);none&#xD; | (RegEx=1, LSA=0);V=1/((1/(R1 R5)) (1/R2)) . R1 and R5 in series total in parallel to R2. This one hurts my head.|decrease|&#xD; | (RegEx=0, LSA=0.197);The voltage drop due to ??I?? loop in the circuit cannot be predicted because the answer is dependent on the resistor values. If only the loop ??I?? is considered, without a voltage source, the total voltage drop will be equal to zero considering the closed loop ??I?? .&#xD; | (RegEx=1, LSA=0.351);reduced&#xD; | (RegEx=0, LSA=0.001);not changed&#xD; | (RegEx=0, LSA=0);0&#xD; | (RegEx=1, LSA=0.34);(R1 R2 R5)*U&#xD; | (RegEx=0, LSA=0.066); -I2R2-I5R5 I1R1 where I2 is the current through resistance R2, I5 is the current through resistance R5 and I1 is the current through Resistance R1 and I = (I1 I2)&#xD; | (RegEx=0, LSA=0.22);(r1 r2 r5)*I=e&#xD; | (RegEx=0, LSA=0.066);zero&#xD; | (RegEx=1, LSA=1);---&#xD; | (RegEx=0, LSA=0); =I*RT&#xD; | (RegEx=0, LSA=0);none&#xD; | (RegEx=1, LSA=0);R5-U | (RegEx=0, LSA=0)"/>
              </Answers>
            </Prompt>
          </Prompts>
        </Expectation>
        <Expectation id="2" text="Doping will increase the conductivity." kc="Diode_Behavior">
          <Answers>
            <Answer name="Expt2Good1" agent="ComputerTutor" type="Good" text="The conductivity is increased by doping." speech="" keys="\b(increa\w*|high\w*|ex[sc]?ee\w*|more)\b" threshold=".6" test=""/>
            <Answer name="Expt2GA2" agent="ComputerStudent" type="Good" text="The conductivity is increased by doping." speech="" keys="\b(increa\w*|high\w*|ex[sc]?ee\w*|more)\b" threshold="0.6" test=""/>
            <Answer name="Expt2BA1" agent="ComputerStudent" type="Bad" text="Doping will decrease conductivity." speech="" keys="\b(decrea\w*|drop|low\w*|less)\b" threshold="0.6" test=""/>
          </Answers>
          <Hints>
            <Hint id="1" agent="ComputerTutor" text="Why is it necessary to dope the semiconductor?" speech="Why is it necessary to dope the semiconductor?" media="">
              <Answers>
                <Answer name="Hint1Good1" agent="ComputerTutor" type="Good" text="Doping is done to increase the conductivity of a semiconductor." speech="" keys="\b(increa\w*|high\w*|ex[sc]?ee\w*|more)\b" threshold=".6" test=""/>
                <Answer name="Hint1Good2" agent="ComputerStudent" type="Good" text="To increase its conductivity." speech="" keys="\b(increa\w*|high\w*|ex[sc]?ee\w*|more)\b" threshold=".6" test=""/>
                <Answer name="Hint1Bad1" agent="ComputerStudent" type="Bad" text="To decrease the conductivity.&#xD;&#xA;" speech="" keys="\b(decrea\w*|drop|low\w*|less)\b" threshold=".6" test=""/>
              </Answers>
            </Hint>
            <Hint id="2" agent="ComputerStudent" text="What change is made in a pure silicon by doping process?" speech="What change is made in a pure silicon by doping process?" media="">
              <Answers>
                <Answer name="Hint2Good1" agent="ComputerTutor" type="Good" text="Silicon conductivity is increased by the doping process." speech="" keys="\b(increa\w*|high\w*|ex[sc]?ee\w*|more)\b" threshold=".6" test=""/>
                <Answer name="Hint2Good2" agent="ComputerStudent" type="Good" text="The conductivity of silicon is increased." speech="" keys="\b(increa\w*|high\w*|ex[sc]?ee\w*|more)\b" threshold=".6" test=""/>
                <Answer name="Hint2Bad1" agent="ComputerStudent" type="Bad" text="Silicon conductivity is decreased." speech="" keys="\b(decrea\w*|drop|low\w*|less)\b" threshold="" test=""/>
              </Answers>
            </Hint>
            <Hint id="3" agent="ComputerTutor" text="How does the doping process change the conductivity of pure semiconductors?" speech="How does the doping process change the conductivity of pure semiconductors?" media="">
              <Answers>
                <Answer name="Hint3GA1" agent="ComputerTutor" type="Good" text="Doping increases the conductivity of pure semiconductors." speech="" keys="\b(increa\w*|high\w*|ex[sc]?ee\w*|more)\b" threshold="" test=""/>
                <Answer name="Hint3GA2" agent="ComputerStudent" type="Good" text="The conductivity of semiconductor is increased by doping." speech="" keys="\b(increa\w*|high\w*|ex[sc]?ee\w*|more)\b" threshold="" test=""/>
                <Answer name="Hint3BA1" agent="ComputerStudent" type="Bad" text="Doping decreases the conductivity of the pure semiconductor." speech="" keys="\b(decrea\w*|drop|low\w*|less)\b" threshold="" test=""/>
              </Answers>
            </Hint>
            <Hint id="4" agent="ComputerTutor" text="What is the effect of doping in a pure silicon?" speech="What is the effect of doping in a pure silicon?" media="">
              <Answers>
                <Answer name="Hint4GA1" agent="ComputerTutor" type="Good" text="The conductivity of silicon is increased." speech="" keys="\b(increa\w*|high\w*|ex[sc]?ee\w*|more)\b" threshold="0.6" test=""/>
                <Answer name="Hint4GA2" agent="ComputerStudent" type="Good" text="Silicon conductivity is increased" speech="" keys="\b(increa\w*|high\w*|ex[sc]?ee\w*|more)\b" threshold="0.6" test=""/>
                <Answer name="Hint4BA1" agent="ComputerStudent" type="Bad" text="Silicon conductivity is decreased" speech="" keys="\b(decrea\w*|drop|low\w*|less)\b" threshold="0.6" test=""/>
              </Answers>
            </Hint>
          </Hints>
          <Prompts>
            <Prompt id="1" agent="ComputerTutor" text="Without doping, silicon has a low conductivity. What happens to silicon if it is doped?" speech="Without doping, silicon has a low conductivity. What happens to silicon if it is doped?" media="">
              <Answers>
                <Answer name="Prompt1Good1" agent="ComputerTutor" type="Good" text="Conductivity increases." speech="" keys="\b(increa\w*|high\w*|ex[sc]?ee\w*|more)\b" threshold=".6" test="none&#xD; | (RegEx=1, LSA=0);none&#xD; | (RegEx=1, LSA=0);zero&#xD; | (RegEx=1, LSA=1);none&#xD; | (RegEx=1, LSA=0);V=1/((1/(R1 R5)) (1/R2)) . R1 and R5 in series total in parallel to R2. This one hurts my head.|decrease|&#xD; | (RegEx=0, LSA=0.197);The voltage drop due to ??I?? loop in the circuit cannot be predicted because the answer is dependent on the resistor values. If only the loop ??I?? is considered, without a voltage source, the total voltage drop will be equal to zero considering the closed loop ??I?? .&#xD; | (RegEx=1, LSA=0.351);reduced&#xD; | (RegEx=0, LSA=0.001);not changed&#xD; | (RegEx=0, LSA=0);0&#xD; | (RegEx=1, LSA=0.34);(R1 R2 R5)*U&#xD; | (RegEx=0, LSA=0.066); -I2R2-I5R5 I1R1 where I2 is the current through resistance R2, I5 is the current through resistance R5 and I1 is the current through Resistance R1 and I = (I1 I2)&#xD; | (RegEx=0, LSA=0.22);(r1 r2 r5)*I=e&#xD; | (RegEx=0, LSA=0.066);zero&#xD; | (RegEx=1, LSA=1);---&#xD; | (RegEx=0, LSA=0); =I*RT&#xD; | (RegEx=0, LSA=0);none&#xD; | (RegEx=1, LSA=0);R5-U | (RegEx=0, LSA=0)"/>
                <Answer name="Prompt1Good2" agent="ComputerStudent" type="Good" text="Conductivity increases." speech="" keys="\b(increa\w*|high\w*|ex[sc]?ee\w*|more)\b" threshold=".6" test=""/>
                <Answer name="Prompt1Bad1" agent="ComputerStudent" type="Bad" text="Conductivity decreases." speech="" keys="\b(decrea\w*|drop|low\w*|less)\b" threshold=".6" test="none&#xD; | (RegEx=1, LSA=0);none&#xD; | (RegEx=1, LSA=0);zero&#xD; | (RegEx=1, LSA=1);none&#xD; | (RegEx=1, LSA=0);V=1/((1/(R1 R5)) (1/R2)) . R1 and R5 in series total in parallel to R2. This one hurts my head.|decrease|&#xD; | (RegEx=0, LSA=0.197);The voltage drop due to ??I?? loop in the circuit cannot be predicted because the answer is dependent on the resistor values. If only the loop ??I?? is considered, without a voltage source, the total voltage drop will be equal to zero considering the closed loop ??I?? .&#xD; | (RegEx=1, LSA=0.351);reduced&#xD; | (RegEx=0, LSA=0.001);not changed&#xD; | (RegEx=0, LSA=0);0&#xD; | (RegEx=1, LSA=0.34);(R1 R2 R5)*U&#xD; | (RegEx=0, LSA=0.066); -I2R2-I5R5 I1R1 where I2 is the current through resistance R2, I5 is the current through resistance R5 and I1 is the current through Resistance R1 and I = (I1 I2)&#xD; | (RegEx=0, LSA=0.22);(r1 r2 r5)*I=e&#xD; | (RegEx=0, LSA=0.066);zero&#xD; | (RegEx=1, LSA=1);---&#xD; | (RegEx=0, LSA=0); =I*RT&#xD; | (RegEx=0, LSA=0);none&#xD; | (RegEx=1, LSA=0);R5-U | (RegEx=0, LSA=0)"/>
              </Answers>
            </Prompt>
            <Prompt id="2" agent="ComputerTutor" text="How the conductivity of a pure silicon be changed by doping?" speech="How the conductivity of a pure silicon be changed by doping?" media="">
              <Answers>
                <Answer name="Prompt2Good1" agent="ComputerTutor" type="Good" text="increased" speech="" keys="\b(increa\w*|high\w*|ex[sc]?ee\w*|more)\b" threshold=".6" test="none&#xD; | (RegEx=1, LSA=0);none&#xD; | (RegEx=1, LSA=0);zero&#xD; | (RegEx=1, LSA=1);none&#xD; | (RegEx=1, LSA=0);V=1/((1/(R1 R5)) (1/R2)) . R1 and R5 in series total in parallel to R2. This one hurts my head.|decrease|&#xD; | (RegEx=0, LSA=0.197);The voltage drop due to ??I?? loop in the circuit cannot be predicted because the answer is dependent on the resistor values. If only the loop ??I?? is considered, without a voltage source, the total voltage drop will be equal to zero considering the closed loop ??I?? .&#xD; | (RegEx=1, LSA=0.351);reduced&#xD; | (RegEx=0, LSA=0.001);not changed&#xD; | (RegEx=0, LSA=0);0&#xD; | (RegEx=1, LSA=0.34);(R1 R2 R5)*U&#xD; | (RegEx=0, LSA=0.066); -I2R2-I5R5 I1R1 where I2 is the current through resistance R2, I5 is the current through resistance R5 and I1 is the current through Resistance R1 and I = (I1 I2)&#xD; | (RegEx=0, LSA=0.22);(r1 r2 r5)*I=e&#xD; | (RegEx=0, LSA=0.066);zero&#xD; | (RegEx=1, LSA=1);---&#xD; | (RegEx=0, LSA=0); =I*RT&#xD; | (RegEx=0, LSA=0);none&#xD; | (RegEx=1, LSA=0);R5-U | (RegEx=0, LSA=0)"/>
                <Answer name="Prompt2Good2" agent="ComputerStudent" type="Good" text="increased" speech="" keys="\b(increa\w*|high\w*|ex[sc]?ee\w*|more)\b" threshold=".6" test=""/>
                <Answer name="Prompt2BA1" agent="ComputerStudent" type="Bad" text="decreased" speech="" keys="\b(decrea\w*|drop|low\w*|less)\b" threshold="" test="none&#xD; | (RegEx=1, LSA=0);none&#xD; | (RegEx=1, LSA=0);zero&#xD; | (RegEx=1, LSA=1);none&#xD; | (RegEx=1, LSA=0);V=1/((1/(R1 R5)) (1/R2)) . R1 and R5 in series total in parallel to R2. This one hurts my head.|decrease|&#xD; | (RegEx=0, LSA=0.197);The voltage drop due to ??I?? loop in the circuit cannot be predicted because the answer is dependent on the resistor values. If only the loop ??I?? is considered, without a voltage source, the total voltage drop will be equal to zero considering the closed loop ??I?? .&#xD; | (RegEx=1, LSA=0.351);reduced&#xD; | (RegEx=0, LSA=0.001);not changed&#xD; | (RegEx=0, LSA=0);0&#xD; | (RegEx=1, LSA=0.34);(R1 R2 R5)*U&#xD; | (RegEx=0, LSA=0.066); -I2R2-I5R5 I1R1 where I2 is the current through resistance R2, I5 is the current through resistance R5 and I1 is the current through Resistance R1 and I = (I1 I2)&#xD; | (RegEx=0, LSA=0.22);(r1 r2 r5)*I=e&#xD; | (RegEx=0, LSA=0.066);zero&#xD; | (RegEx=1, LSA=1);---&#xD; | (RegEx=0, LSA=0); =I*RT&#xD; | (RegEx=0, LSA=0);none&#xD; | (RegEx=1, LSA=0);R5-U | (RegEx=0, LSA=0)"/>
              </Answers>
            </Prompt>
          </Prompts>
        </Expectation>
        <Expectation id="3" text="Extra holes are created in the P-type material to increase the conductivity." kc="Diode_Behavior">
          <Answers>
            <Answer name="Expt3Good1" agent="ComputerTutor" type="Good" text="Extra holes are created in the P-type material to increase the conductivity.&#xD;&#xA;" speech="" keys="\b(increa\w*|high\w*|ex[sc]?ee\w*|more)\b,\bholes?\b" threshold=".6" test=""/>
            <Answer name="Expt3Good2" agent="ComputerStudent" type="Good" text="Extra holes are created in the P-type material to increase the conductivity.&#xD;&#xA;" speech="" keys="\b(increa\w*|high\w*|ex[sc]?ee\w*|more)\b,\bholes?\b" threshold="" test=""/>
            <Answer name="Expt3Bad1" agent="ComputerStudent" type="Bad" text="number of holes decreased by doping" speech="" keys="\b(decrea\w*|drop|low\w*|less)\b" threshold="" test=""/>
          </Answers>
          <Hints>
            <Hint id="1" agent="ComputerTutor" text="What will happen to the P-type material after doping?" speech="What will happen to the P-type material after doping?" media="">
              <Answers>
                <Answer name="Hint1Good1" agent="ComputerTutor" type="Good" text="The number of holes will increase in the P-type material after doping." speech="" keys="\b(increa\w*|high\w*|ex[sc]?ee\w*|more)\b,\bholes?\b" threshold=".6" test=""/>
                <Answer name="Hint1Good2" agent="ComputerStudent" type="Good" text="Extra holes are created." speech="" keys="\b(increa\w*|high\w*|ex[sc]?ee\w*|more)\b,\bholes?\b" threshold=".6" test=""/>
                <Answer name="Hint1Bad1" agent="ComputerStudent" type="Bad" text="Holes will be decreased.&#xD;&#xA;" speech="" keys="\b(decrea\w*|drop|low\w*|less)\b" threshold=".6" test=""/>
              </Answers>
            </Hint>
            <Hint id="2" agent="ComputerStudent" text="What will increase by doping the p-type material?" speech="What will increase by doping the p-type material?" media="">
              <Answers>
                <Answer name="Hint2GA1" agent="ComputerTutor" type="Good" text="Holes are increased" speech="" keys="\b(increa\w*|high\w*|ex[sc]?ee\w*|more)\b,\bholes?\b" threshold="" test=""/>
                <Answer name="Hint2GA2" agent="ComputerStudent" type="Good" text="Holes are increased" speech="" keys="\b(increa\w*|high\w*|ex[sc]?ee\w*|more)\b,\bholes?\b" threshold="" test=""/>
                <Answer name="Hint2BA1" agent="ComputerStudent" type="Bad" text="Electrons are increased" speech="" keys="\b(elec\w*|neg\w*|ion\w*)\b" threshold="" test=""/>
              </Answers>
            </Hint>
            <Hint id="3" agent="ComputerTutor" text="What is the effect of doping on the p-type material?" speech="What is the effect of doping on the p-type material?" media="">
              <Answers>
                <Answer name="Hint3GA1" agent="ComputerTutor" type="Good" text="Doping creates extra holes in the p-type material." speech="" keys="\b(increa\w*|high\w*|ex[sc]?ee\w*|more)\b,\bholes?\b" threshold="" test=""/>
                <Answer name="Hint3GA2" agent="ComputerStudent" type="Good" text="The number of holes increased by doping." speech="" keys="\b(increa\w*|high\w*|ex[sc]?ee\w*|more)\b,\bholes?\b" threshold="" test=""/>
                <Answer name="Hint3BA1" agent="ComputerStudent" type="Bad" text="number of holes decreased by doping" speech="" keys="\b(decrea\w*|drop|low\w*|less)\b" threshold="" test=""/>
              </Answers>
            </Hint>
            <Hint id="4" agent="ComputerStudent" text="What is created by doping in a p-type material to increase the conductivity?" speech="What is created by doping in a p-type material to increase the conductivity?" media="">
              <Answers>
                <Answer name="Hint4GA1" agent="ComputerTutor" type="Good" text="Extra holes are created" speech="" keys="\b(hole\w*|posit\w*|ion\w*)\b" threshold="" test=""/>
                <Answer name="Hint4GA2" agent="ComputerStudent" type="Good" text="Extra holes are created" speech="" keys="\b(hole\w*|posit\w*|ion\w*)\b" threshold="" test=""/>
                <Answer name="Hint4BA1" agent="ComputerStudent" type="Bad" text="electrons are created by doping." speech="" keys="\b(elec\w*|neg\w*|ion\w*)\b" threshold="" test=""/>
              </Answers>
            </Hint>
          </Hints>
          <Prompts>
            <Prompt id="1" agent="ComputerTutor" text="What will increase after the P-type material is doped?" speech="What will increase after the P-type material is doped?" media="">
              <Answers>
                <Answer name="Prompt1Good1" agent="ComputerTutor" type="Good" text="The number of holes will increase in the P-type material after doping" speech="" keys="\b(hole\w*|posit\w*|ion\w*)\b" threshold=".6" test="none&#xD; | (RegEx=1, LSA=0);none&#xD; | (RegEx=1, LSA=0);zero&#xD; | (RegEx=1, LSA=1);none&#xD; | (RegEx=1, LSA=0);V=1/((1/(R1 R5)) (1/R2)) . R1 and R5 in series total in parallel to R2. This one hurts my head.|decrease|&#xD; | (RegEx=0, LSA=0.197);The voltage drop due to ??I?? loop in the circuit cannot be predicted because the answer is dependent on the resistor values. If only the loop ??I?? is considered, without a voltage source, the total voltage drop will be equal to zero considering the closed loop ??I?? .&#xD; | (RegEx=1, LSA=0.351);reduced&#xD; | (RegEx=0, LSA=0.001);not changed&#xD; | (RegEx=0, LSA=0);0&#xD; | (RegEx=1, LSA=0.34);(R1 R2 R5)*U&#xD; | (RegEx=0, LSA=0.066); -I2R2-I5R5 I1R1 where I2 is the current through resistance R2, I5 is the current through resistance R5 and I1 is the current through Resistance R1 and I = (I1 I2)&#xD; | (RegEx=0, LSA=0.22);(r1 r2 r5)*I=e&#xD; | (RegEx=0, LSA=0.066);zero&#xD; | (RegEx=1, LSA=1);---&#xD; | (RegEx=0, LSA=0); =I*RT&#xD; | (RegEx=0, LSA=0);none&#xD; | (RegEx=1, LSA=0);R5-U | (RegEx=0, LSA=0)"/>
                <Answer name="Prompt1Good2" agent="ComputerStudent" type="Good" text="Holes" speech="" keys="\b(hole\w*|posit\w*|ion\w*)\b" threshold=".6" test=""/>
                <Answer name="Prompt1BA1" agent="ComputerStudent" type="Bad" text="electrons" speech="" keys="\b(elec\w*|neg\w*|ion\w*)\b" threshold="0.7" test="none&#xD; | (RegEx=1, LSA=0);none&#xD; | (RegEx=1, LSA=0);zero&#xD; | (RegEx=1, LSA=1);none&#xD; | (RegEx=1, LSA=0);V=1/((1/(R1 R5)) (1/R2)) . R1 and R5 in series total in parallel to R2. This one hurts my head.|decrease|&#xD; | (RegEx=0, LSA=0.197);The voltage drop due to ??I?? loop in the circuit cannot be predicted because the answer is dependent on the resistor values. If only the loop ??I?? is considered, without a voltage source, the total voltage drop will be equal to zero considering the closed loop ??I?? .&#xD; | (RegEx=1, LSA=0.351);reduced&#xD; | (RegEx=0, LSA=0.001);not changed&#xD; | (RegEx=0, LSA=0);0&#xD; | (RegEx=1, LSA=0.34);(R1 R2 R5)*U&#xD; | (RegEx=0, LSA=0.066); -I2R2-I5R5 I1R1 where I2 is the current through resistance R2, I5 is the current through resistance R5 and I1 is the current through Resistance R1 and I = (I1 I2)&#xD; | (RegEx=0, LSA=0.22);(r1 r2 r5)*I=e&#xD; | (RegEx=0, LSA=0.066);zero&#xD; | (RegEx=1, LSA=1);---&#xD; | (RegEx=0, LSA=0); =I*RT&#xD; | (RegEx=0, LSA=0);none&#xD; | (RegEx=1, LSA=0);R5-U | (RegEx=0, LSA=0)"/>
              </Answers>
            </Prompt>
            <Prompt id="2" agent="ComputerTutor" text="The majority carrier in a p-type material is the holes. What will happen if the p-type material is doped?" speech="The majority carrier in a p-type material is the holes. What will happen if the p-type material is doped?" media="">
              <Answers>
                <Answer name="Prompt2GA1" agent="ComputerTutor" type="Good" text="Extra holes will be created." speech="" keys="\b(increa\w*|high\w*|ex[sc]?ee\w*|more)\b,\bholes?\b" threshold="" test="none&#xD; | (RegEx=1, LSA=0);none&#xD; | (RegEx=1, LSA=0);zero&#xD; | (RegEx=1, LSA=1);none&#xD; | (RegEx=1, LSA=0);V=1/((1/(R1 R5)) (1/R2)) . R1 and R5 in series total in parallel to R2. This one hurts my head.|decrease|&#xD; | (RegEx=0, LSA=0.197);The voltage drop due to ??I?? loop in the circuit cannot be predicted because the answer is dependent on the resistor values. If only the loop ??I?? is considered, without a voltage source, the total voltage drop will be equal to zero considering the closed loop ??I?? .&#xD; | (RegEx=1, LSA=0.351);reduced&#xD; | (RegEx=0, LSA=0.001);not changed&#xD; | (RegEx=0, LSA=0);0&#xD; | (RegEx=1, LSA=0.34);(R1 R2 R5)*U&#xD; | (RegEx=0, LSA=0.066); -I2R2-I5R5 I1R1 where I2 is the current through resistance R2, I5 is the current through resistance R5 and I1 is the current through Resistance R1 and I = (I1 I2)&#xD; | (RegEx=0, LSA=0.22);(r1 r2 r5)*I=e&#xD; | (RegEx=0, LSA=0.066);zero&#xD; | (RegEx=1, LSA=1);---&#xD; | (RegEx=0, LSA=0); =I*RT&#xD; | (RegEx=0, LSA=0);none&#xD; | (RegEx=1, LSA=0);R5-U | (RegEx=0, LSA=0)"/>
                <Answer name="Prompt2GA2" agent="ComputerStudent" type="Good" text="extra holes created" speech="" keys="\b(increa\w*|high\w*|ex[sc]?ee\w*|more)\b,\bholes?\b" threshold="" test=""/>
                <Answer name="Prompt2BA1" agent="ComputerStudent" type="Bad" text="holes decreased." speech="" keys="\b(decrea\w*|drop|low\w*|less)\b,\b(hole\w*|posit\w*|ion\w*)\b" threshold="" test="none&#xD; | (RegEx=1, LSA=0);none&#xD; | (RegEx=1, LSA=0);zero&#xD; | (RegEx=1, LSA=1);none&#xD; | (RegEx=1, LSA=0);V=1/((1/(R1 R5)) (1/R2)) . R1 and R5 in series total in parallel to R2. This one hurts my head.|decrease|&#xD; | (RegEx=0, LSA=0.197);The voltage drop due to ??I?? loop in the circuit cannot be predicted because the answer is dependent on the resistor values. If only the loop ??I?? is considered, without a voltage source, the total voltage drop will be equal to zero considering the closed loop ??I?? .&#xD; | (RegEx=1, LSA=0.351);reduced&#xD; | (RegEx=0, LSA=0.001);not changed&#xD; | (RegEx=0, LSA=0);0&#xD; | (RegEx=1, LSA=0.34);(R1 R2 R5)*U&#xD; | (RegEx=0, LSA=0.066); -I2R2-I5R5 I1R1 where I2 is the current through resistance R2, I5 is the current through resistance R5 and I1 is the current through Resistance R1 and I = (I1 I2)&#xD; | (RegEx=0, LSA=0.22);(r1 r2 r5)*I=e&#xD; | (RegEx=0, LSA=0.066);zero&#xD; | (RegEx=1, LSA=1);---&#xD; | (RegEx=0, LSA=0); =I*RT&#xD; | (RegEx=0, LSA=0);none&#xD; | (RegEx=1, LSA=0);R5-U | (RegEx=0, LSA=0)"/>
              </Answers>
            </Prompt>
          </Prompts>
        </Expectation>
      </Expectations>
      <Misconceptions/>
    </TutoringPack>
  </TutoringPacks>
</AutoTutorScript>