<?xml version="1.0" encoding="UTF-8"?>
<UIText lang="ChineseS" >
	<Text Label="Matching">配对</Text>
	<Text Label="Multiple Choice">选择</Text>
	<Text Label="Fill-in-Blank">填空</Text>
	<Text Label="Tutoring">指导</Text>
	<Text Label="Information Delivery">课程讲解</Text>
	<Text Label="Self Reflection">自测</Text>
	<Text Label="Script Information">课程信息</Text>
	<Text Label="Select Component to Create">选择课件类型</Text>
	<Text Label="Test Component">测试</Text>
	<Text Label="Open">打开</Text>
	<Text Label="Save">保存</Text>
	<Text Label="Config Semantic Engine">配置语言引擎</Text>
	<Text Label="Configure Component">配置课件</Text>
	<Text Label="Scripts">脚本</Text>
	<Text Label="Content">内容</Text>
	<Text Label="Delete">删除</Text>
	<Text Label="Add Scene">添加场景</Text>
	<Text Label="Add Reflection">添加自测</Text>
	<Text Label="Configuration">配置</Text>
	<Text Label="Media Type">多媒体类型</Text>
	<Text Label="Media URL">多媒体链接</Text>
	<Text Label="Use Default">使用缺省配置</Text>
	<Text Label="Enable Click">允许点击</Text>
	<Text Label="Auto Play">自动播放</Text>
	<Text Label="Show Avatar">显示虚拟头像</Text>
	<Text Label="Use AIML">使用AIML</Text>
	<Text Label="TITLE">标题</Text>
	<Text Label="Spoken Text for Avatar">语音脚本</Text>
	<Text Label="Display Text">显示脚本</Text>
	<Text Label="Find out how to use this.">如何使用？</Text>
	<Text Label="Test">测试</Text>
	<Text Label="Test Avatar">测试虚拟头像</Text>
	<Text Label="Author Notes">作者便签</Text>
	<Text Label="Background Image">背景图片</Text>
	<Text Label="Number of words:">字数:</Text>
	<Text Label="Slide 1">场景1</Text>
	<Text Label="Slide 2">场景2</Text>
	<Text Label="Slide 3">场景3</Text>
	<Text Label="Slide 4">场景4</Text>
	<Text Label="Slide 5">场景5</Text>
	<Text Label="share your SKO">分享我的SKO</Text>
	<Text Label="As New Entry">标记为新课程</Text>
</UIText>
