<items>
<item>Aah|0|100009|/Extras/Aah/\item=Aah</item>
<item>Aah_01|100009|207007|/Extras/Aah/\item=Aah_01</item>
<item>Ah|207007|319855|/Extras/Ah/\item=Ah</item>
<item>Ah_01|319855|419864|/Extras/Ah/\item=Ah_01</item>
<item>Ah_02|419864|519873|/Extras/Ah/\item=Ah_02</item>
<item>Aha|519873|619964|/Extras/Aha/\item=Aha</item>
<item>Aha_01|619964|757132|/Extras/Aha/\item=Aha_01</item>
<item>Aha_02|757132|867161|/Extras/Aha/\item=Aha_02</item>
<item>Aw|867161|955664|/Extras/\item=Aw</item>
<item>Breath|955664|1037830|/Extras/\item=Breath</item>
<item>Click|1037830|1082839|/Extras/Click/\item=Click</item>
<item>Click_01|1082839|1122454|/Extras/Click/\item=Click_01</item>
<item>Click_02|1122454|1182463|/Extras/Click/\item=Click_02</item>
<item>Cough|1182463|1287474|/Extras/Cough/\item=Cough</item>
<item>Cough_01|1287474|1355002|/Extras/Cough/\item=Cough_01</item>
<item>Cry|1355002|1480014|/Extras/Cry/\item=Cry</item>
<item>Cry_01|1480014|1658989|/Extras/Cry/\item=Cry_01</item>
<item>Cry_02|1658989|1791150|/Extras/Cry/\item=Cry_02</item>
<item>Doh|1791150|1864871|/Extras/\item=Doh</item>
<item>Eeh|1864871|1969882|/Extras/\item=Eeh</item>
<item>Ehm|1969882|2062955|/Extras/\item=Ehm</item>
<item>Er|2062955|2155027|/Extras/\item=Er</item>
<item>Eugh|2155027|2270039|/Extras/Eugh/\item=Eugh</item>
<item>Eugh_01|2270039|2365048|/Extras/Eugh/\item=Eugh_01</item>
<item>Eugh_02|2365048|2446213|/Extras/Eugh/\item=Eugh_02</item>
<item>Haah|2446213|2577125|/Extras/Haah/\item=Haah</item>
<item>Haah_01|2577125|2675703|/Extras/Haah/\item=Haah_01</item>
<item>Hiccup|2675703|2744900|/Extras/\item=Hiccup</item>
<item>Hm|2744900|2855293|/Extras/Hm/\item=Hm</item>
<item>Hm_01|2855293|2972392|/Extras/Hm/\item=Hm_01</item>
<item>Hmm|2972392|3107404|/Extras/Hmm/\item=Hmm</item>
<item>Hmm_01|3107404|3227984|/Extras/Hmm/\item=Hmm_01</item>
<item>Hmm_02|3227984|3345651|/Extras/Hmm/\item=Hmm_02</item>
<item>Huh|3345651|3413218|/Extras/Huh/\item=Huh</item>
<item>Huh_01|3413218|3505739|/Extras/Huh/\item=Huh_01</item>
<item>Huh_02|3505739|3574812|/Extras/Huh/\item=Huh_02</item>
<item>Humph|3574812|3654821|/Extras/Humph/\item=Humph</item>
<item>Humph_01|3654821|3765406|/Extras/Humph/\item=Humph_01</item>
<item>Hurrah|3765406|3876549|/Extras/\item=Hurrah</item>
<item>Kiss|3876549|3927476|/Extras/Kiss/\item=Kiss</item>
<item>Kiss_01|3927476|4072488|/Extras/Kiss/\item=Kiss_01</item>
<item>Laugh|4072488|4202556|/Extras/Laugh/\item=Laugh</item>
<item>Laugh_01|4202556|4344937|/Extras/Laugh/\item=Laugh_01</item>
<item>Mmm-hmm|4344937|4424946|/Extras/Mmm-hmm/\item=Mmm-hmm</item>
<item>Mmm-hmm_01|4424946|4517819|/Extras/Mmm-hmm/\item=Mmm-hmm_01</item>
<item>Mmm|4517819|4580354|/Extras/Mmm/\item=Mmm</item>
<item>Mmm_01|4580354|4725365|/Extras/Mmm/\item=Mmm_01</item>
<item>Mmm_02|4725365|4840376|/Extras/Mmm/\item=Mmm_02</item>
<item>Oh-oh|4840376|4934181|/Extras/Oh-oh/\item=Oh-oh</item>
<item>Oh-oh_01|4934181|5059193|/Extras/Oh-oh/\item=Oh-oh_01</item>
<item>Oh|5059193|5144202|/Extras/Oh/\item=Oh</item>
<item>Oh_01|5144202|5234211|/Extras/Oh/\item=Oh_01</item>
<item>Ohh|5234211|5345159|/Extras/Ohh/\item=Ohh</item>
<item>Ohh_01|5345159|5456501|/Extras/Ohh/\item=Ohh_01</item>
<item>Oo-er|5456501|5571512|/Extras/Oo-er/\item=Oo-er</item>
<item>Oo-er_01|5571512|5706524|/Extras/Oo-er/\item=Oo-er_01</item>
<item>Ooh|5706524|5798440|/Extras/\item=Ooh</item>
<item>Oops|5798440|5877274|/Extras/Oops/\item=Oops</item>
<item>Oops_01|5877274|5953358|/Extras/Oops/\item=Oops_01</item>
<item>Oow|5953358|6059918|/Extras/Oow/\item=Oow</item>
<item>Oow_01|6059918|6183667|/Extras/Oow/\item=Oow_01</item>
<item>Ouch|6183667|6277497|/Extras/\item=Ouch</item>
<item>Ow|6277497|6355356|/Extras/Ow/\item=Ow</item>
<item>Ow_01|6355356|6437190|/Extras/Ow/\item=Ow_01</item>
<item>Phoar|6437190|6552202|/Extras/Phoar/\item=Phoar</item>
<item>Phoar_01|6552202|6712186|/Extras/Phoar/\item=Phoar_01</item>
<item>Raspberry|6712186|6812528|/Extras/Raspberry/\item=Raspberry</item>
<item>Raspberry_01|6812528|6947540|/Extras/Raspberry/\item=Raspberry_01</item>
<item>Sigh|6947540|7110408|/Extras/Sigh/\item=Sigh</item>
<item>Sigh_01|7110408|7221694|/Extras/Sigh/\item=Sigh_01</item>
<item>Sneeze|7221694|7351399|/Extras/Sneeze/\item=Sneeze</item>
<item>Sneeze_01|7351399|7441408|/Extras/Sneeze/\item=Sneeze_01</item>
<item>Sniff|7441408|7498342|/Extras/Sniff/\item=Sniff</item>
<item>Sniff_01|7498342|7551014|/Extras/Sniff/\item=Sniff_01</item>
<item>Snore|7551014|7816023|/Extras/Snore/\item=Snore</item>
<item>Snore_01|7816023|8087839|/Extras/Snore/\item=Snore_01</item>
<item>Ssh|8087839|8192850|/Extras/Ssh/\item=Ssh</item>
<item>Ssh_01|8192850|8275091|/Extras/Ssh/\item=Ssh_01</item>
<item>Swallow|8275091|8377646|/Extras/\item=Swallow</item>
<item>Throat|8377646|8471444|/Extras/Throat/\item=Throat</item>
<item>Throat_01|8471444|8577698|/Extras/Throat/\item=Throat_01</item>
<item>Tuttut|8577698|8662707|/Extras/\item=Tuttut</item>
<item>Uh-huh|8662707|8746887|/Extras/Uh-huh/\item=Uh-huh</item>
<item>Uh-huh_01|8746887|8836896|/Extras/Uh-huh/\item=Uh-huh_01</item>
<item>Uh-uh|8836896|8921905|/Extras/\item=Uh-uh</item>
<item>Uh|8921905|8985907|/Extras/Uh/\item=Uh</item>
<item>Uh_01|8985907|9050916|/Extras/Uh/\item=Uh_01</item>
<item>Uh_02|9050916|9137900|/Extras/Uh/\item=Uh_02</item>
<item>Uh_03|9137900|9204029|/Extras/Uh/\item=Uh_03</item>
<item>Um|9204029|9280995|/Extras/\item=Um</item>
<item>Whistle|9280995|9381005|/Extras/Whistle/\item=Whistle</item>
<item>Whistle_01|9381005|9456014|/Extras/Whistle/\item=Whistle_01</item>
<item>Whistle_02|9456014|9588370|/Extras/Whistle/\item=Whistle_02</item>
<item>Woah|9588370|9717687|/Extras/Woah/\item=Woah</item>
<item>Woah_01|9717687|9832698|/Extras/Woah/\item=Woah_01</item>
<item>Woh|9832698|9942490|/Extras/\item=Woh</item>
<item>Wow|9942490|10045181|/Extras/Wow/\item=Wow</item>
<item>Wow_01|10045181|10152143|/Extras/Wow/\item=Wow_01</item>
<item>Wuh|10152143|10220977|/Extras/\item=Wuh</item>
<item>Yawn|10220977|10411805|/Extras/\item=Yawn</item>
<item>Yeah|10411805|10525116|/Extras/Yeah/\item=Yeah</item>
<item>Yeah_01|10525116|10642209|/Extras/Yeah/\item=Yeah_01</item>
<item>Yuck|10642209|10743687|/Extras/Yuck/\item=Yuck</item>
<item>Yuck_01|10743687|10827435|/Extras/Yuck/\item=Yuck_01</item>
<item>Yummy|10827435|10932447|/Extras/\item=Yummy</item>
</items>
