  <SKOConfig>
    <TITLE><![CDATA[Conterinsurgency Example Sample (tutoring)]]></TITLE>
    <NOTES><![CDATA[This is an example of SKO in the form of Essay.]]></NOTES>
    <LogicalNext><![CDATA[]]></LogicalNext>
    <ContentURL><![CDATA[]]></ContentURL>
    <iDSSPP>
      <space><![CDATA[fa]]></space>
      <spaceindex><![CDATA[0]]></spaceindex>
      <domain><![CDATA[nodomain]]></domain>
      <domainindex><![CDATA[0]]></domainindex>
      <miniStrength>0.0</miniStrength>
      <miniWeight>0.0</miniWeight>
      <wc>0.0</wc>
      <minRankby>0.0</minRankby>
    </iDSSPP>
    <PageConfig>
      <BKIMG><![CDATA[http://forums.steves-digicams.com/attachments/people-photos/125923d1216168029-counter-insurgency-cs.jpg]]></BKIMG>
      <AVATAR Teacher="cb/English/Paul/Output/Ben.swf" Student1="cb/English/Julie/Output/Megan.swf" Student2="cb/English/Paul/Output/Jason.swf" useStudent1="false" useStudent2="false" showStudent1="true" showStudent2="true" showTeacher="true" useTeacher="true"/>
      <MediaURLXML/>
      <MediaTypeXML/>
      <SKOMsg/>
      <UseAIML>0</UseAIML>
      <PlayStyle>manual</PlayStyle>
      <EnableBigImage>0</EnableBigImage>
    </PageConfig>
  </SKOConfig>
