<TU type="Essay" UID="">
    <Question UID="">
      <TextDisplay UID=""><![CDATA[What thoughts come to mind based on what you have just heard?]]></TextDisplay>
      <AgentSpeech UID=""><![CDATA[What thoughts come to mind based on what you have just heard?]]></AgentSpeech>
      <IDEALANSWER UID=""><![CDATA[This is Ideal Answer For the given Question.]]></IDEALANSWER>
    </Question>
    <Expectation Covered="0" LCCCoverage="0" RegExpCoverage="0" UID="">
	      <Question UID="">
	     	<TextDisplay UID=""><![CDATA[What thoughts come to mind based on what you have just heard?]]></TextDisplay>
	      	<AgentSpeech UID=""><![CDATA[What thoughts come to mind based on what you have just heard?]]></AgentSpeech>
	      	</Question>
      <IdealAnswer UID="">
        <Threshold UID="">
          <Semantics UID="">
            <RN_Mean UID="">0.3</RN_Mean>
            <IN_Mean UID="">0</IN_Mean>
            <RO_Mean UID="">0.3</RO_Mean>
            <IO_Mean UID="">0</IO_Mean>
            <TC_Mean UID="">0</TC_Mean>
            <CS_Mean UID="">0</CS_Mean>
            <RN_SD UID="">0.1</RN_SD>
            <IN_SD UID="">0</IN_SD>
            <RO_SD UID="">0.1</RO_SD>
            <IO_SD UID="">0</IO_SD>
            <TC_SD UID="">0</TC_SD>
            <CS_SD UID="">0</CS_SD>
          </Semantics>
          <RegExp UID="">
            <RN_Mean UID="">0.3</RN_Mean>
            <IN_Mean UID="">0</IN_Mean>
            <RO_Mean UID="">0.3</RO_Mean>
            <IO_Mean UID="">0</IO_Mean>
            <TC_Mean UID="">0</TC_Mean>
            <CS_Mean UID="">0</CS_Mean>
            <RN_SD UID="">0.1</RN_SD>
            <IN_SD UID="">0</IN_SD>
            <RO_SD UID="">0.1</RO_SD>
            <IO_SD UID="">0</IO_SD>
            <TC_SD UID="">0</TC_SD>
            <CS_SD UID="">0</CS_SD>
          </RegExp>
          <SemanticsCoverage UID="">0.6</SemanticsCoverage>
          <RegExpCoverage UID="">0.6</RegExpCoverage>
        </Threshold>
        <TextDisplay UID=""><![CDATA[The United States has adversaries who are evaluating our strengths and weaknesses. These adversaries are attempting to avoid our strengths and attack our vulnerabilities.]]></TextDisplay>
        <IDEALANSWER UID=""><![CDATA[We should remember that the adversaries the United States faces today are continuously and consciously evaluating our strengths and weaknesses, with the aim to avoid our strengths and attack our vulnerabilities.]]></IDEALANSWER>
        <SemanticAnswerKey UID=""><![CDATA[The United States adversaries that are evaluating our strengths and weaknesses. These adversaries are attempting to avoid our strengths and attack our vulnerabilities]]></SemanticAnswerKey>
      </IdealAnswer>
      <HINTS UID="">
        <Hint Used="False" UID="">
         
            <TextDisplay UID=""><![CDATA[What are the enemies of the United States are constantly doing?]]></TextDisplay>
            <AgentSpeech UID=""><![CDATA[What are the enemies of the United States are constantly doing?]]></AgentSpeech>
            <IdealAnswer UID=""><![CDATA[What are the enemies of the United States are constantly doing?]]></IdealAnswer>
          
        </Hint>
        <Hint Used="False" UID="">
         
            <TextDisplay UID=""><![CDATA[Why are adversaries of the United States constantly evaluating the United States?]]></TextDisplay>
            <AgentSpeech UID=""><![CDATA[Why are adversaries of the United States constantly evaluating the United States?]]></AgentSpeech>
            <IdealAnswer UID=""><![CDATA[What are the enemies of the United States are constantly doing?]]></IdealAnswer>
          
        </Hint>
        <Hint Used="False" UID="">
         
            <TextDisplay UID=""><![CDATA[How are the adversaries of the United States attempting to determine our vulnerabilities?]]></TextDisplay>
            <AgentSpeech UID=""><![CDATA[How are the adversaries of the United States attempting to determine our vulnerabilities?]]></AgentSpeech>
            <IdealAnswer UID=""><![CDATA[What are the enemies of the United States are constantly doing?]]></IdealAnswer>
          
        </Hint>
        <Hint Used="False" UID="">
         
            <TextDisplay UID=""><![CDATA[How are the adversaries of the United States attempting to determine our vulnerabilities?]]></TextDisplay>
            <AgentSpeech UID=""><![CDATA[How are the adversaries of the United States attempting to determine our vulnerabilities?]]></AgentSpeech>
            <IdealAnswer UID=""><![CDATA[What are the enemies of the United States are constantly doing?]]></IdealAnswer>
          
        </Hint>
      </HINTS>
      <PROMPTS UID="">
        <Prompt Used="False" UID="">
          
            <TextDisplay UID=""><![CDATA[]]></TextDisplay>
            <AgentSpeech UID=""><![CDATA[]]></AgentSpeech>
          
        </Prompt>
        <Prompt Used="False" UID="">
          
            <TextDisplay UID=""><![CDATA[]]></TextDisplay>
            <AgentSpeech UID=""><![CDATA[]]></AgentSpeech>
          
        </Prompt>
        <Prompt Used="False" UID="">
          
            <TextDisplay UID=""><![CDATA[]]></TextDisplay>
            <AgentSpeech UID=""><![CDATA[]]></AgentSpeech>
          
        </Prompt>
        <Prompt Used="False" UID="">
          
            <TextDisplay UID=""><![CDATA[]]></TextDisplay>
            <AgentSpeech UID=""><![CDATA[]]></AgentSpeech>
          
        </Prompt>
      </PROMPTS>
      <PUMPS UID="">
        <Pump Used="False" UID="">
          
            <TextDisplay UID=""><![CDATA[]]></TextDisplay>
            <AgentSpeech UID=""><![CDATA[]]></AgentSpeech>
          
        </Pump>
        <Pump Used="False" UID="">
          
            <TextDisplay UID=""><![CDATA[]]></TextDisplay>
            <AgentSpeech UID=""><![CDATA[]]></AgentSpeech>
          
        </Pump>
        <Pump Used="False" UID="">
          
            <TextDisplay UID=""><![CDATA[]]></TextDisplay>
            <AgentSpeech UID=""><![CDATA[]]></AgentSpeech>
          
        </Pump>
        <Pump Used="False" UID="">
          
            <TextDisplay UID=""><![CDATA[]]></TextDisplay>
            <AgentSpeech UID=""><![CDATA[]]></AgentSpeech>
          
        </Pump>
      </PUMPS>
    </Expectation>
    <Expectation Covered="0" LCCCoverage="0" RegExpCoverage="0" UID="">
	      <Question UID="">
	     	<TextDisplay UID=""><![CDATA[What thoughts come to mind based on what you have just heard?]]></TextDisplay>
	      	<AgentSpeech UID=""><![CDATA[What thoughts come to mind based on what you have just heard?]]></AgentSpeech>
	      	</Question>
    
      <IdealAnswer UID="">
        <Threshold UID="">
          <Semantics UID="">
            <RN_Mean UID="">0.3</RN_Mean>
            <IN_Mean UID="">0</IN_Mean>
            <RO_Mean UID="">0.3</RO_Mean>
            <IO_Mean UID="">0</IO_Mean>
            <TC_Mean UID="">0</TC_Mean>
            <CS_Mean UID="">0</CS_Mean>
            <RN_SD UID="">0.1</RN_SD>
            <IN_SD UID="">0</IN_SD>
            <RO_SD UID="">0.1</RO_SD>
            <IO_SD UID="">0</IO_SD>
            <TC_SD UID="">0</TC_SD>
            <CS_SD UID="">0</CS_SD>
          </Semantics>
          <RegExp UID="">
            <RN_Mean UID="">0.3</RN_Mean>
            <IN_Mean UID="">0</IN_Mean>
            <RO_Mean UID="">0.3</RO_Mean>
            <IO_Mean UID="">0</IO_Mean>
            <TC_Mean UID="">0</TC_Mean>
            <CS_Mean UID="">0</CS_Mean>
            <RN_SD UID="">0.1</RN_SD>
            <IN_SD UID="">0</IN_SD>
            <RO_SD UID="">0.1</RO_SD>
            <IO_SD UID="">0</IO_SD>
            <TC_SD UID="">0</TC_SD>
            <CS_SD UID="">0</CS_SD>
          </RegExp>
          <SemanticsCoverage UID="">0.6</SemanticsCoverage>
          <RegExpCoverage UID="">0.6</RegExpCoverage>
        </Threshold>
          <TextDisplay UID=""><![CDATA[The
United States Government should constantly assess the Government's ability to
learn and adapt more quickly and effectively than our
adversaries.]]></TextDisplay>
          <IDEALANSWER UID=""><![CDATA[Therefore,
the United States Government should be constantly assessing the effectiveness of
its national power (diplomatic, informational, military, and economic), and
strive to learn and adapt more quickly and effectively than our
adversaries.]]></IDEALANSWER>
        <Summary UID=""><![CDATA[The United States
Government should constantly assess the Government's ability to learn and adapt
more quickly and effectively than our adversaries]]></Summary>
        <SemanticAnswerKey UID=""><![CDATA[The
United States Government should constantly assess the Government's ability to
learn and adapt more quickly and effectively than our
adversaries]]></SemanticAnswerKey>
      </IdealAnswer>
      <HINTS UID="">
        <Hint Used="False" UID="">
         
            <TextDisplay UID=""><![CDATA[Why
should the United States Government constantly evaluate its
effectiveness?]]></TextDisplay>
            <AgentSpeech UID=""><![CDATA[Why
should the United States Government constantly evaluate its
effectiveness?]]></AgentSpeech>
            <IdealAnswer UID=""><![CDATA[What
are the enemies of the United States are constantly doing?]]></IdealAnswer>
          
        </Hint>
        <Hint Used="False" UID="">
         
            <TextDisplay UID=""><![CDATA[What
allows the United States to adapt quickly and effectively?]]></TextDisplay>
            <AgentSpeech UID=""><![CDATA[What
allows the United States to adapt quickly and effectively?]]></AgentSpeech>
            <IdealAnswer UID=""><![CDATA[What
are the enemies of the United States are constantly doing?]]></IdealAnswer>
          
        </Hint>
        <Hint Used="False" UID="">
         
            <TextDisplay UID=""><![CDATA[How
can the United States stay ahead of its adversaries?]]></TextDisplay>
            <AgentSpeech UID=""><![CDATA[How
can the United States stay ahead of its adversaries?]]></AgentSpeech>
            <IdealAnswer UID=""><![CDATA[What
are the enemies of the United States are constantly doing?]]></IdealAnswer>
          
        </Hint>
        <Hint Used="False" UID="">
         
            <TextDisplay UID=""><![CDATA[How
can the United States stay ahead of its adversaries?]]></TextDisplay>
            <AgentSpeech UID=""><![CDATA[How
can the United States stay ahead of its adversaries?]]></AgentSpeech>
            <IdealAnswer UID=""><![CDATA[What
are the enemies of the United States are constantly doing?]]></IdealAnswer>
          
        </Hint>
      </HINTS>
      <PROMPTS UID="">
        <Prompt Used="False" UID="">
          
            <TextDisplay UID=""><![CDATA[]]></TextDisplay>
            <AgentSpeech UID=""><![CDATA[]]></AgentSpeech>
          
        </Prompt>
        <Prompt Used="False" UID="">
          
            <TextDisplay UID=""><![CDATA[]]></TextDisplay>
            <AgentSpeech UID=""><![CDATA[]]></AgentSpeech>
          
        </Prompt>
        <Prompt Used="False" UID="">
          
            <TextDisplay UID=""><![CDATA[]]></TextDisplay>
            <AgentSpeech UID=""><![CDATA[]]></AgentSpeech>
          
        </Prompt>
        <Prompt Used="False" UID="">
          
            <TextDisplay UID=""><![CDATA[]]></TextDisplay>
            <AgentSpeech UID=""><![CDATA[]]></AgentSpeech>
          
        </Prompt>
      </PROMPTS>
      <PUMPS UID="">
        <Pump Used="False" UID="">
          
            <TextDisplay UID=""><![CDATA[]]></TextDisplay>
            <AgentSpeech UID=""><![CDATA[]]></AgentSpeech>
          
        </Pump>
        <Pump Used="False" UID="">
          
            <TextDisplay UID=""><![CDATA[]]></TextDisplay>
            <AgentSpeech UID=""><![CDATA[]]></AgentSpeech>
          
        </Pump>
        <Pump Used="False" UID="">
          
            <TextDisplay UID=""><![CDATA[]]></TextDisplay>
            <AgentSpeech UID=""><![CDATA[]]></AgentSpeech>
          
        </Pump>
        <Pump Used="False" UID="">
          
            <TextDisplay UID=""><![CDATA[]]></TextDisplay>
            <AgentSpeech UID=""><![CDATA[]]></AgentSpeech>
          
        </Pump>
      </PUMPS>
    </Expectation>
    <Expectation Covered="0" LCCCoverage="0" RegExpCoverage="0" UID="">
	      <Question UID="">
	     	<TextDisplay UID=""><![CDATA[What thoughts come to mind based on what you have just heard?]]></TextDisplay>
	      	<AgentSpeech UID=""><![CDATA[What thoughts come to mind based on what you have just heard?]]></AgentSpeech>
	      	</Question>
    
      <IdealAnswer UID="">
        <Threshold UID="">
          <Semantics UID="">
            <RN_Mean UID="">0.3</RN_Mean>
            <IN_Mean UID="">0</IN_Mean>
            <RO_Mean UID="">0.3</RO_Mean>
            <IO_Mean UID="">0</IO_Mean>
            <TC_Mean UID="">0</TC_Mean>
            <CS_Mean UID="">0</CS_Mean>
            <RN_SD UID="">0.1</RN_SD>
            <IN_SD UID="">0</IN_SD>
            <RO_SD UID="">0.1</RO_SD>
            <IO_SD UID="">0</IO_SD>
            <TC_SD UID="">0</TC_SD>
            <CS_SD UID="">0</CS_SD>
          </Semantics>
          <RegExp UID="">
            <RN_Mean UID="">0.3</RN_Mean>
            <IN_Mean UID="">0</IN_Mean>
            <RO_Mean UID="">0.3</RO_Mean>
            <IO_Mean UID="">0</IO_Mean>
            <TC_Mean UID="">0</TC_Mean>
            <CS_Mean UID="">0</CS_Mean>
            <RN_SD UID="">0.1</RN_SD>
            <IN_SD UID="">0</IN_SD>
            <RO_SD UID="">0.1</RO_SD>
            <IO_SD UID="">0</IO_SD>
            <TC_SD UID="">0</TC_SD>
            <CS_SD UID="">0</CS_SD>
          </RegExp>
          <SemanticsCoverage UID="">0.6</SemanticsCoverage>
          <RegExpCoverage UID="">0.6</RegExpCoverage>
        </Threshold>
          <TextDisplay UID=""><![CDATA[Only
learning organizations may defeat insurgencies]]></TextDisplay>
          <IDEALANSWER UID=""><![CDATA[Learning
organizations may defeat insurgencies, while armies that fail to learn and adapt
will have a difficult time opposing rebellion.]]></IDEALANSWER>
        <Summary UID=""><![CDATA[Only
learning organizations may defeat insurgencies]]></Summary>
        <SemanticAnswerKey UID=""><![CDATA[Only
learning organizations may defeat insurgencies]]></SemanticAnswerKey>
      </IdealAnswer>
      <HINTS UID="">
        <Hint Used="False" UID="">
         
            <TextDisplay UID=""><![CDATA[What
kind of organizations defeat insurgencies?]]></TextDisplay>
            <AgentSpeech UID=""><![CDATA[What
kind of organizations defeat insurgencies?]]></AgentSpeech>
            <IdealAnswer UID=""><![CDATA[What
are the enemies of the United States are constantly doing?]]></IdealAnswer>
          
        </Hint>
        <Hint Used="False" UID="">
         
            <TextDisplay UID=""><![CDATA[What
can you say about armies that are learning organizations?]]></TextDisplay>
            <AgentSpeech UID=""><![CDATA[What
can you say about armies that are learning organizations?]]></AgentSpeech>
            <IdealAnswer UID=""><![CDATA[What
are the enemies of the United States are constantly doing?]]></IdealAnswer>
          
        </Hint>
        <Hint Used="False" UID="">
         
            <TextDisplay UID=""><![CDATA[What
can you say about armies that are learning organizations?]]></TextDisplay>
            <AgentSpeech UID=""><![CDATA[What
can you say about armies that are learning organizations?]]></AgentSpeech>
            <IdealAnswer UID=""><![CDATA[What
are the enemies of the United States are constantly doing?]]></IdealAnswer>
          
        </Hint>
        <Hint Used="False" UID="">
         
            <TextDisplay UID=""><![CDATA[What
can you say about armies that are learning organizations?]]></TextDisplay>
            <AgentSpeech UID=""><![CDATA[What
can you say about armies that are learning organizations?]]></AgentSpeech>
            <IdealAnswer UID=""><![CDATA[What
are the enemies of the United States are constantly doing?]]></IdealAnswer>
          
        </Hint>
      </HINTS>
      <PROMPTS UID="">
        <Prompt Used="False" UID="">
          
            <TextDisplay UID=""><![CDATA[]]></TextDisplay>
            <AgentSpeech UID=""><![CDATA[]]></AgentSpeech>
          
        </Prompt>
        <Prompt Used="False" UID="">
          
            <TextDisplay UID=""><![CDATA[]]></TextDisplay>
            <AgentSpeech UID=""><![CDATA[]]></AgentSpeech>
          
        </Prompt>
        <Prompt Used="False" UID="">
          
            <TextDisplay UID=""><![CDATA[]]></TextDisplay>
            <AgentSpeech UID=""><![CDATA[]]></AgentSpeech>
          
        </Prompt>
        <Prompt Used="False" UID="">
          
            <TextDisplay UID=""><![CDATA[]]></TextDisplay>
            <AgentSpeech UID=""><![CDATA[]]></AgentSpeech>
          
        </Prompt>
      </PROMPTS>
      <PUMPS UID="">
        <Pump Used="False" UID="">
          
            <TextDisplay UID=""><![CDATA[]]></TextDisplay>
            <AgentSpeech UID=""><![CDATA[]]></AgentSpeech>
          
        </Pump>
        <Pump Used="False" UID="">
          
            <TextDisplay UID=""><![CDATA[]]></TextDisplay>
            <AgentSpeech UID=""><![CDATA[]]></AgentSpeech>
          
        </Pump>
        <Pump Used="False" UID="">
          
            <TextDisplay UID=""><![CDATA[]]></TextDisplay>
            <AgentSpeech UID=""><![CDATA[]]></AgentSpeech>
          
        </Pump>
        <Pump Used="False" UID="">
          
            <TextDisplay UID=""><![CDATA[]]></TextDisplay>
            <AgentSpeech UID=""><![CDATA[]]></AgentSpeech>
          
        </Pump>
      </PUMPS>
    </Expectation>
    <Expectation Covered="0" LCCCoverage="0" RegExpCoverage="0" UID="">
	      <Question UID="">
	     	<TextDisplay UID=""><![CDATA[What thoughts come to mind based on what you have just heard?]]></TextDisplay>
	      	<AgentSpeech UID=""><![CDATA[What thoughts come to mind based on what you have just heard?]]></AgentSpeech>
	      	</Question>
    
      <IdealAnswer UID="">
        <Threshold UID="">
          <Semantics UID="">
            <RN_Mean UID="">0.3</RN_Mean>
            <IN_Mean UID="">0</IN_Mean>
            <RO_Mean UID="">0.3</RO_Mean>
            <IO_Mean UID="">0</IO_Mean>
            <TC_Mean UID="">0</TC_Mean>
            <CS_Mean UID="">0</CS_Mean>
            <RN_SD UID="">0.1</RN_SD>
            <IN_SD UID="">0</IN_SD>
            <RO_SD UID="">0.1</RO_SD>
            <IO_SD UID="">0</IO_SD>
            <TC_SD UID="">0</TC_SD>
            <CS_SD UID="">0</CS_SD>
          </Semantics>
          <RegExp UID="">
            <RN_Mean UID="">0.3</RN_Mean>
            <IN_Mean UID="">0</IN_Mean>
            <RO_Mean UID="">0.3</RO_Mean>
            <IO_Mean UID="">0</IO_Mean>
            <TC_Mean UID="">0</TC_Mean>
            <CS_Mean UID="">0</CS_Mean>
            <RN_SD UID="">0.1</RN_SD>
            <IN_SD UID="">0</IN_SD>
            <RO_SD UID="">0.1</RO_SD>
            <IO_SD UID="">0</IO_SD>
            <TC_SD UID="">0</TC_SD>
            <CS_SD UID="">0</CS_SD>
          </RegExp>
          <SemanticsCoverage UID="">0.6</SemanticsCoverage>
          <RegExpCoverage UID="">0.6</RegExpCoverage>
        </Threshold>
        
          <TextDisplay UID=""><![CDATA[We
should encourage individuals to pay attention to the rapidly changing situations
that characterize Counterinsurgency campaigns. These include rapid enemy
innovation, shifting attitudes of local populations, local civilian leadership
turmoil. ]]></TextDisplay>
          <IDEALANSWER UID=""><![CDATA[Effective
learning organizations encourage individuals to understand the operating
environment, paying close attention to its rapidly changing nature. This is
especially vital in COIN, which may be characterized by frequent rapid enemy
innovation, shifting attitudes of local populations, and local civilian
leadership turmoil. ]]></IDEALANSWER>
        
        <Summary UID=""><![CDATA[We should
encourage individuals to pay attention to the rapidly changing situations that
characterize Counter insurgency campaigns. These include rapid enemy innovation,
shifting attitudes of local populations, and local civilian leadership
turmoil]]></Summary>
        <SemanticAnswerKey UID=""><![CDATA[We
should encourage individuals to pay attention to the rapidly changing situations
that characterize Counter insurgency campaigns. These include rapid enemy
innovation, shifting attitudes of local populations, and local civilian
leadership turmoil]]></SemanticAnswerKey>
      </IdealAnswer>
      <HINTS UID="">
        <Hint Used="False" UID="">
         
            <TextDisplay UID=""><![CDATA[What
are some key characteristics of the operational environment for
COIN?]]></TextDisplay>
            <AgentSpeech UID=""><![CDATA[What
are some key characteristics of the operational environment for
COIN?]]></AgentSpeech>
            <IdealAnswer UID=""><![CDATA[What
are the enemies of the United States are constantly doing?]]></IdealAnswer>
          
        </Hint>
        <Hint Used="False" UID="">
         
            <TextDisplay UID=""><![CDATA[What
do effective learning organizations encourage individuals to
do?]]></TextDisplay>
            <AgentSpeech UID=""><![CDATA[What
do effective learning organizations encourage individuals to
do?]]></AgentSpeech>
            <IdealAnswer UID=""><![CDATA[What
are the enemies of the United States are constantly doing?]]></IdealAnswer>
          
        </Hint>
        <Hint Used="False" UID="">
         
            <TextDisplay UID=""><![CDATA[Why
should individuals be aware of the importance of rapid enemy innovation,
shifting attitudes of local populations, and local civilian leadership
turmoil?]]></TextDisplay>
            <AgentSpeech UID=""><![CDATA[Why
should individuals be aware of the importance of rapid enemy innovation,
shifting attitudes of local populations, and local civilian leadership
turmoil?]]></AgentSpeech>
            <IdealAnswer UID=""><![CDATA[What
are the enemies of the United States are constantly doing?]]></IdealAnswer>
          
        </Hint>
        <Hint Used="False" UID="">
         
            <TextDisplay UID=""><![CDATA[Why
should individuals be aware of the importance of rapid enemy innovation,
shifting attitudes of local populations, and local civilian leadership
turmoil?]]></TextDisplay>
            <AgentSpeech UID=""><![CDATA[Why
should individuals be aware of the importance of rapid enemy innovation,
shifting attitudes of local populations, and local civilian leadership
turmoil?]]></AgentSpeech>
            <IdealAnswer UID=""><![CDATA[What
are the enemies of the United States are constantly doing?]]></IdealAnswer>
          
        </Hint>
      </HINTS>
      <PROMPTS UID="">
        <Prompt Used="False" UID="">
          
            <TextDisplay UID=""><![CDATA[]]></TextDisplay>
            <AgentSpeech UID=""><![CDATA[]]></AgentSpeech>
          
        </Prompt>
        <Prompt Used="False" UID="">
          
            <TextDisplay UID=""><![CDATA[]]></TextDisplay>
            <AgentSpeech UID=""><![CDATA[]]></AgentSpeech>
          
        </Prompt>
        <Prompt Used="False" UID="">
          
            <TextDisplay UID=""><![CDATA[]]></TextDisplay>
            <AgentSpeech UID=""><![CDATA[]]></AgentSpeech>
          
        </Prompt>
        <Prompt Used="False" UID="">
          
            <TextDisplay UID=""><![CDATA[]]></TextDisplay>
            <AgentSpeech UID=""><![CDATA[]]></AgentSpeech>
          
        </Prompt>
      </PROMPTS>
      <PUMPS UID="">
        <Pump Used="False" UID="">
          
            <TextDisplay UID=""><![CDATA[]]></TextDisplay>
            <AgentSpeech UID=""><![CDATA[]]></AgentSpeech>
          
        </Pump>
        <Pump Used="False" UID="">
          
            <TextDisplay UID=""><![CDATA[]]></TextDisplay>
            <AgentSpeech UID=""><![CDATA[]]></AgentSpeech>
          
        </Pump>
        <Pump Used="False" UID="">
          
            <TextDisplay UID=""><![CDATA[]]></TextDisplay>
            <AgentSpeech UID=""><![CDATA[]]></AgentSpeech>
          
        </Pump>
        <Pump Used="False" UID="">
          
            <TextDisplay UID=""><![CDATA[]]></TextDisplay>
            <AgentSpeech UID=""><![CDATA[]]></AgentSpeech>
          
        </Pump>
      </PUMPS>
    </Expectation>
</TU>