<AvatarList>
<Avatar URL="cb/English/Dave/Output/Ben.swf" name="(L)English (V)Dave (C)Ben"/> 
<Avatar URL="cb/English/Dave/Output/Carl.swf" name="(L)English (V)Dave (C)Carl"/> 
<Avatar URL="cb/English/Dave/Output/Gene.swf" name="(L)English (V)Dave (C)Gene"/> 
<Avatar URL="cb/English/Dave/Output/James.swf" name="(L)English (V)Dave (C)James"/> 
<Avatar URL="cb/English/Dave/Output/Jason.swf" name="(L)English (V)Dave (C)Jason"/> 
<Avatar URL="cb/English/Dave/Output/Jim.swf" name="(L)English (V)Dave (C)Jim"/> 
<Avatar URL="cb/English/Dave/Output/John.swf" name="(L)English (V)Dave (C)John"/> 
<Avatar URL="cb/English/Dave/Output/Lee.swf" name="(L)English (V)Dave (C)Lee"/> 
<Avatar URL="cb/English/Dave/Output/Peter.swf" name="(L)English (V)Dave (C)Peter"/>
<Avatar URL="cb/English/Dave/Output/Rick.swf" name="(L)English (V)Dave (C)Rick"/>
<Avatar URL="cb/English/Dave/Output/Robert.swf" name="(L)English (V)Dave (C)Robert"/> 
<Avatar URL="cb/English/Dave/Output/Stan.swf" name="(L)English (V)Dave (C)Stan"/> 
<Avatar URL="cb/English/Dave/Output/Steve.swf" name="(L)English (V)Dave (C)Steve"/> 
<Avatar URL="cb/English/Dave/Output/Tom.swf" name="(L)English (V)Dave (C)Tom"/>
<Avatar URL="cb/English/James/Output/Ben.swf" name="(L)English (V)James (C)Ben"/> 
<Avatar URL="cb/English/James/Output/Carl.swf" name="(L)English (V)James (C)Carl"/> 
<Avatar URL="cb/English/James/Output/Gene.swf" name="(L)English (V)James (C)Gene"/> 
<Avatar URL="cb/English/James/Output/James.swf" name="(L)English (V)James (C)James"/> 
<Avatar URL="cb/English/James/Output/Jason.swf" name="(L)English (V)James (C)Jason"/> 
<Avatar URL="cb/English/James/Output/Jim.swf" name="(L)English (V)James (C)Jim"/> 
<Avatar URL="cb/English/James/Output/John.swf" name="(L)English (V)James (C)John"/> 
<Avatar URL="cb/English/James/Output/Lee.swf" name="(L)English (V)James (C)Lee"/> 
<Avatar URL="cb/English/James/Output/Peter.swf" name="(L)English (V)James (C)Peter"/>
<Avatar URL="cb/English/James/Output/Rick.swf" name="(L)English (V)James (C)Rick"/>
<Avatar URL="cb/English/James/Output/Robert.swf" name="(L)English (V)James (C)Robert"/> 
<Avatar URL="cb/English/James/Output/Stan.swf" name="(L)English (V)James (C)Stan"/> 
<Avatar URL="cb/English/James/Output/Steve.swf" name="(L)English (V)James (C)Steve"/> 
<Avatar URL="cb/English/James/Output/Tom.swf" name="(L)English (V)James (C)Tom"/>
<Avatar URL="cb/English/Paul/Output/Ben.swf" name="(L)English (V)Paul (C)Ben"/> 
<Avatar URL="cb/English/Paul/Output/Carl.swf" name="(L)English (V)Paul (C)Carl"/> 
<Avatar URL="cb/English/Paul/Output/Gene.swf" name="(L)English (V)Paul (C)Gene"/> 
<Avatar URL="cb/English/Paul/Output/Paul.swf" name="(L)English (V)Paul (C)Paul"/> 
<Avatar URL="cb/English/Paul/Output/Jason.swf" name="(L)English (V)Paul (C)Jason"/> 
<Avatar URL="cb/English/Paul/Output/Jim.swf" name="(L)English (V)Paul (C)Jim"/> 
<Avatar URL="cb/English/Paul/Output/John.swf" name="(L)English (V)Paul (C)John"/> 
<Avatar URL="cb/English/Paul/Output/Lee.swf" name="(L)English (V)Paul (C)Lee"/> 
<Avatar URL="cb/English/Paul/Output/Peter.swf" name="(L)English (V)Paul (C)Peter"/>
<Avatar URL="cb/English/Paul/Output/Rick.swf" name="(L)English (V)Paul (C)Rick"/>
<Avatar URL="cb/English/Paul/Output/Robert.swf" name="(L)English (V)Paul (C)Robert"/> 
<Avatar URL="cb/English/Paul/Output/Stan.swf" name="(L)English (V)Paul (C)Stan"/> 
<Avatar URL="cb/English/Paul/Output/Steve.swf" name="(L)English (V)Paul (C)Steve"/> 
<Avatar URL="cb/English/Paul/Output/Tom.swf" name="(L)English (V)Paul (C)Tom"/>
<Avatar URL="cb/Chinese/Liang/Output/Ben.swf" name="(L)Chinese (V)Liang (C)Ben"/> 
<Avatar URL="cb/Chinese/Liang/Output/Carl.swf" name="(L)Chinese (V)Liang (C)Carl"/> 
<Avatar URL="cb/Chinese/Liang/Output/Gene.swf" name="(L)Chinese (V)Liang (C)Gene"/> 
<Avatar URL="cb/Chinese/Liang/Output/Liang.swf" name="(L)Chinese (V)Liang (C)Liang"/> 
<Avatar URL="cb/Chinese/Liang/Output/Jason.swf" name="(L)Chinese (V)Liang (C)Jason"/> 
<Avatar URL="cb/Chinese/Liang/Output/Jim.swf" name="(L)Chinese (V)Liang (C)Jim"/> 
<Avatar URL="cb/Chinese/Liang/Output/John.swf" name="(L)Chinese (V)Liang (C)John"/> 
<Avatar URL="cb/Chinese/Liang/Output/Lee.swf" name="(L)Chinese (V)Liang (C)Lee"/> 
<Avatar URL="cb/Chinese/Liang/Output/Peter.swf" name="(L)Chinese (V)Liang (C)Peter"/>
<Avatar URL="cb/Chinese/Liang/Output/Rick.swf" name="(L)Chinese (V)Liang (C)Rick"/>
<Avatar URL="cb/Chinese/Liang/Output/Robert.swf" name="(L)Chinese (V)Liang (C)Robert"/> 
<Avatar URL="cb/Chinese/Liang/Output/Stan.swf" name="(L)Chinese (V)Liang (C)Stan"/> 
<Avatar URL="cb/Chinese/Liang/Output/Steve.swf" name="(L)Chinese (V)Liang (C)Steve"/> 
<Avatar URL="cb/Chinese/Liang/Output/Tom.swf" name="(L)Chinese (V)Liang (C)Tom"/>
<Avatar URL="cb/Chinese/Hui/Output/Angela.swf" name="(L)Chinese (V)Hui (C)Angela"/> 
<Avatar URL="cb/Chinese/Hui/Output/Anna.swf" name="(L)Chinese (V)Hui (C)Anna"/> 
<Avatar URL="cb/Chinese/Hui/Output/Carla.swf" name="(L)Chinese (V)Hui (C)Carla"/> 
<Avatar URL="cb/Chinese/Hui/Output/Jenny.swf" name="(L)Chinese (V)Hui (C)Jenny"/> 
<Avatar URL="cb/Chinese/Hui/Output/Jessi.swf" name="(L)Chinese (V)Hui (C)Jessi"/> 
<Avatar URL="cb/Chinese/Hui/Output/Kara.swf" name="(L)Chinese (V)Hui (C)Kara"/> 
<Avatar URL="cb/Chinese/Hui/Output/Kate.swf" name="(L)Chinese (V)Hui (C)Kate"/> 
<Avatar URL="cb/Chinese/Hui/Output/Lily.swf" name="(L)Chinese (V)Hui (C)Lily"/> 
<Avatar URL="cb/Chinese/Hui/Output/Megan.swf" name="(L)Chinese (V)Hui (C)Megan"/>
<Avatar URL="cb/Chinese/Hui/Output/Mia.swf" name="(L)Chinese (V)Hui (C)Mia"/>
<Avatar URL="cb/Chinese/Hui/Output/Susan.swf" name="(L)Chinese (V)Hui (C)Susan"/> 
<Avatar URL="cb/Chinese/Hui/Output/Tasha.swf" name="(L)Chinese (V)Hui (C)Tasha"/> 
<Avatar URL="cb/Chinese/Hui/Output/Trish.swf" name="(L)Chinese (V)Hui (C)Trish"/>
<Avatar URL="cb/English/Alison/Output/Angela.swf" name="(L)English (V)Alison (C)Angela"/> 
<Avatar URL="cb/English/Alison/Output/Anna.swf" name="(L)English (V)Alison (C)Anna"/> 
<Avatar URL="cb/English/Alison/Output/Carla.swf" name="(L)English (V)Alison (C)Carla"/> 
<Avatar URL="cb/English/Alison/Output/Jenny.swf" name="(L)English (V)Alison (C)Jenny"/> 
<Avatar URL="cb/English/Alison/Output/Jessi.swf" name="(L)English (V)Alison (C)Jessi"/> 
<Avatar URL="cb/English/Alison/Output/Kara.swf" name="(L)English (V)Alison (C)Kara"/> 
<Avatar URL="cb/English/Alison/Output/Kate.swf" name="(L)English (V)Alison (C)Kate"/> 
<Avatar URL="cb/English/Alison/Output/Lily.swf" name="(L)English (V)Alison (C)Lily"/> 
<Avatar URL="cb/English/Alison/Output/Megan.swf" name="(L)English (V)Alison (C)Megan"/>
<Avatar URL="cb/English/Alison/Output/Mia.swf" name="(L)English (V)Alison (C)Mia"/>
<Avatar URL="cb/English/Alison/Output/Susan.swf" name="(L)English (V)Alison (C)Susan"/> 
<Avatar URL="cb/English/Alison/Output/Tasha.swf" name="(L)English (V)Alison (C)Tasha"/> 
<Avatar URL="cb/English/Alison/Output/Trish.swf" name="(L)English (V)Alison (C)Trish"/>
<Avatar URL="cb/English/Julie/Output/Angela.swf" name="(L)English (V)Julie (C)Angela"/> 
<Avatar URL="cb/English/Julie/Output/Anna.swf" name="(L)English (V)Julie (C)Anna"/> 
<Avatar URL="cb/English/Julie/Output/Carla.swf" name="(L)English (V)Julie (C)Carla"/> 
<Avatar URL="cb/English/Julie/Output/Jenny.swf" name="(L)English (V)Julie (C)Jenny"/> 
<Avatar URL="cb/English/Julie/Output/Jessi.swf" name="(L)English (V)Julie (C)Jessi"/> 
<Avatar URL="cb/English/Julie/Output/Kara.swf" name="(L)English (V)Julie (C)Kara"/> 
<Avatar URL="cb/English/Julie/Output/Kate.swf" name="(L)English (V)Julie (C)Kate"/> 
<Avatar URL="cb/English/Julie/Output/Lily.swf" name="(L)English (V)Julie (C)Lily"/> 
<Avatar URL="cb/English/Julie/Output/Megan.swf" name="(L)English (V)Julie (C)Megan"/>
<Avatar URL="cb/English/Julie/Output/Mia.swf" name="(L)English (V)Julie (C)Mia"/>
<Avatar URL="cb/English/Julie/Output/Susan.swf" name="(L)English (V)Julie (C)Susan"/> 
<Avatar URL="cb/English/Julie/Output/Tasha.swf" name="(L)English (V)Julie (C)Tasha"/> 
<Avatar URL="cb/English/Julie/Output/Trish.swf" name="(L)English (V)Julie (C)Trish"/>
<Avatar URL="cb/English/Kate/Output/Julie/Angela.swf" name="(L)English (V)Kate (C)Angela"/> 
<Avatar URL="cb/English/Kate/Output/Julie/Anna.swf" name="(L)English (V)Kate (C)Anna"/> 
<Avatar URL="cb/English/Kate/Output/Julie/Carla.swf" name="(L)English (V)Kate (C)Carla"/> 
<Avatar URL="cb/English/Kate/Output/Julie/Jenny.swf" name="(L)English (V)Kate (C)Jenny"/> 
<Avatar URL="cb/English/Kate/Output/Julie/Jessi.swf" name="(L)English (V)Kate (C)Jessi"/> 
<Avatar URL="cb/English/Kate/Output/Julie/Kara.swf" name="(L)English (V)Kate (C)Kara"/> 
<Avatar URL="cb/English/Kate/Output/Julie/Kate.swf" name="(L)English (V)Kate (C)Kate"/> 
<Avatar URL="cb/English/Kate/Output/Julie/Lily.swf" name="(L)English (V)Kate (C)Lily"/> 
<Avatar URL="cb/English/Kate/Output/Julie/Megan.swf" name="(L)English (V)Kate (C)Megan"/>
<Avatar URL="cb/English/Kate/Output/Julie/Mia.swf" name="(L)English (V)Kate (C)Mia"/>
<Avatar URL="cb/English/Kate/Output/Julie/Susan.swf" name="(L)English (V)Kate (C)Susan"/> 
<Avatar URL="cb/English/Kate/Output/Julie/Tasha.swf" name="(L)English (V)Kate (C)Tasha"/> 
<Avatar URL="cb/English/Kate/Output/Julie/Trish.swf" name="(L)English (V)Kate (C)Trish"/>
<Avatar URL="cb/English/Susan/Output/Angela.swf" name="(L)English (V)Susan (C)Angela"/> 
<Avatar URL="cb/English/Susan/Output/Anna.swf" name="(L)English (V)Susan (C)Anna"/> 
<Avatar URL="cb/English/Susan/Output/Carla.swf" name="(L)English (V)Susan (C)Carla"/> 
<Avatar URL="cb/English/Susan/Output/Jenny.swf" name="(L)English (V)Susan (C)Jenny"/> 
<Avatar URL="cb/English/Susan/Output/Jessi.swf" name="(L)English (V)Susan (C)Jessi"/> 
<Avatar URL="cb/English/Susan/Output/Kara.swf" name="(L)English (V)Susan (C)Kara"/> 
<Avatar URL="cb/English/Susan/Output/Kate.swf" name="(L)English (V)Susan (C)Kate"/> 
<Avatar URL="cb/English/Susan/Output/Lily.swf" name="(L)English (V)Susan (C)Lily"/> 
<Avatar URL="cb/English/Susan/Output/Megan.swf" name="(L)English (V)Susan (C)Megan"/>
<Avatar URL="cb/English/Susan/Output/Mia.swf" name="(L)English (V)Susan (C)Mia"/>
<Avatar URL="cb/English/Susan/Output/Susan.swf" name="(L)English (V)Susan (C)Susan"/> 
<Avatar URL="cb/English/Susan/Output/Tasha.swf" name="(L)English (V)Susan (C)Tasha"/> 
<Avatar URL="cb/English/Susan/Output/Trish.swf" name="(L)English (V)Susan (C)Trish"/> 
</AvatarList>