<ITSFeedBack>
	<POSF>
		<AgentSay>Great Job!</AgentSay>
		<DisplayText>Great Job!</DisplayText>
	</POSF>
	<POSF>
		<AgentSay>Perfect!</AgentSay>
		<DisplayText>Perfect!</DisplayText>
	</POSF>
	<POSF>
		<AgentSay>Well Done!</AgentSay>
		<DisplayText>Well Done!</DisplayText>
	</POSF>
	<POSF>
		<AgentSay>Good Answer!</AgentSay>
		<DisplayText>Good Answer!</DisplayText>
	</POSF>
	<POSF>
		<AgentSay>Great!</AgentSay>
		<DisplayText>Great!</DisplayText>
	</POSF>
	<POSF>
		<AgentSay>Excellent</AgentSay>
		<DisplayText>Excellent</DisplayText>
	</POSF>
	<POSF>
		<AgentSay>Excellent answer!</AgentSay>
		<DisplayText>Excellent answer!</DisplayText>
	</POSF>
	<POSF>
		<AgentSay>Nice job!</AgentSay>
		<DisplayText>Nice job!</DisplayText>
	</POSF>
	<POSF>
		<AgentSay>Good Job!</AgentSay>
		<DisplayText>Good Job!</DisplayText>
	</POSF>
	<POSF>
		<AgentSay>Great Job!</AgentSay>
		<DisplayText>Great Job!</DisplayText>
	</POSF>
	<NEGF>
		<AgentSay>No that's incorrect.</AgentSay>
		<DisplayText>No that's incorrect.</DisplayText>
	</NEGF>
	<NEGF>
		<AgentSay>No!</AgentSay>
		<DisplayText>No!</DisplayText>
	</NEGF>
	<NEGF>
		<AgentSay>Well I don't think that's quite right.</AgentSay>
		<DisplayText><![CDATA[Well I don't think that's quite right.]]></DisplayText>
	</NEGF>
	<NEGF>
		<AgentSay>Not quite.</AgentSay>
		<DisplayText>Not quite.</DisplayText>
	</NEGF>
	<NEGF>
		<AgentSay>That's not quite right.</AgentSay>
		<DisplayText><![CDATA[That's not quite right.]]></DisplayText>
	</NEGF>
	<NEGF>
		<AgentSay>That's not quite it.   Not really.</AgentSay>
		<DisplayText>That's not quite it.   Not really.</DisplayText>
	</NEGF>
	<NEGF>
		<AgentSay>No, that's not the right answer.</AgentSay>
		<DisplayText>No, that's not the right answer.</DisplayText>
	</NEGF>
	<NEGF>
		<AgentSay>No.</AgentSay>
		<DisplayText>NO.</DisplayText>
	</NEGF>
	<NEGF>
		<AgentSay>That's not completely correct.</AgentSay>
		<DisplayText>That's not completely correct.</DisplayText>
	</NEGF>
	<NEGF>
		<AgentSay>Well, let's try again.</AgentSay>
		<DisplayText>Well, let's try again.</DisplayText>
	</NEGF>
	<NEGF>
		<AgentSay>Um, that's not completely correct.</AgentSay>
		<DisplayText>Um, that's not completely correct.</DisplayText>
	</NEGF>
	<NEUF>
		<AgentSay>Well, let's try another one. </AgentSay>
		<DisplayText>Well, let's try another one. </DisplayText>
	</NEUF>
	<NEUF>
		<AgentSay>All right.</AgentSay>
		<DisplayText>All right.</DisplayText>
	</NEUF>
	<NEUF>
		<AgentSay>Yeah.</AgentSay>
		<DisplayText>Yeah.</DisplayText>
	</NEUF>
	<NEUF>
		<AgentSay>OK.</AgentSay>
		<DisplayText>OK.</DisplayText>
	</NEUF>
	<NEUF>
		<AgentSay>Kind of.</AgentSay>
		<DisplayText>Kind of.</DisplayText>
	</NEUF>
	<NEUF>
		<AgentSay>Sort of.</AgentSay>
		<DisplayText>Sort of.</DisplayText>
	</NEUF>
	<NEUF>
		<AgentSay>Possibly.</AgentSay>
		<DisplayText>Possibly.</DisplayText>
	</NEUF>
	<NEUF>
		<AgentSay>I see.</AgentSay>
		<DisplayText>I See.</DisplayText>
	</NEUF>
	<NEUF>
		<AgentSay>Not too bad.</AgentSay>
		<DisplayText>Not too bad.</DisplayText>
	</NEUF>
	<NEUF>
		<AgentSay>Not too bad.</AgentSay>
		<DisplayText>Not too bad.</DisplayText>
	</NEUF>
	<TRND>
		<AgentSay>It seems to me that you have answered another question. If I understand you right, let me summarize for you.</AgentSay>
		<DisplayText>It seems to me that you have answered another question. If I understand you right, let me summarize for you.</DisplayText>
	</TRND>
	<TRND>
		<AgentSay>Well, if I understood you right, it was a good answer, but to the wrong question. Let me summarize that for you.</AgentSay>
		<DisplayText>Well, if I understood you right, it was a good answer, but to the wrong question. Let me summarize that for you.</DisplayText>
	</TRND>
	<TRND>
		<AgentSay>That does not really answer what I was asking, but it was not a bad answer. Let me summarize the answer for you.</AgentSay>
		<DisplayText>That does not really answer what I was asking, but it was not a bad answer. Let me summarize the answer for you.</DisplayText>
	</TRND>
	<TRND>
		<AgentSay>It seems to me that you have answered another question. If I understand you right, let me summarize for you.</AgentSay>
		<DisplayText>It seems to me that you have answered another question. If I understand you right, let me summarize for you.</DisplayText>
	</TRND>
	<TRND>
		<AgentSay>Well, if I understood you right, it was a good answer, but to the wrong question. Let me summarize that for you.</AgentSay>
		<DisplayText>Well, if I understood you right, it was a good answer, but to the wrong question. Let me summarize that for you.</DisplayText>
	</TRND>
	<TRND>
		<AgentSay>Your contribution does not really answer the question that I was asking, but it was not a bad answer. Let me summarize the answer for you.</AgentSay>
		<DisplayText>Your contribution does not really answer the question that I was asking, but it was not a bad answer. Let me summarize the answer for you.</DisplayText>
	</TRND>
	<TRND>
		<AgentSay>It seems to me that you have answered another question. If I understand you right, let me summarize for you.</AgentSay>
		<DisplayText>It seems to me that you have answered another question. If I understand you right, let me summarize for you.</DisplayText>
	</TRND>
	<TRND>
		<AgentSay>Well, if I understood you right, it was a good answer, but to the wrong question. Let me summarize that for you.</AgentSay>
		<DisplayText>Well, if I understood you right, it was a good answer, but to the wrong question. Let me summarize that for you.</DisplayText>
	</TRND>
	<TRND>
		<AgentSay>Your contribution does not really answer the question that I was asking, but it was not a bad answer. Let me summarize the answer for you.</AgentSay>
		<DisplayText>Your contribution does not really answer the question that I was asking, but it was not a bad answer. Let me summarize the answer for you.</DisplayText>
	</TRND>
	<TRNS>
		<AgentSay>Pulling it all together,</AgentSay>
		<DisplayText>Pulling it all together,</DisplayText>
	</TRNS>
	<TRNS>
		<AgentSay>In summary,</AgentSay>
		<DisplayText>In summary,</DisplayText>
	</TRNS>
	<TRNS>
		<AgentSay>To summarize,</AgentSay>
		<DisplayText>To summarize,</DisplayText>
	</TRNS>
	<TRNS>
		<AgentSay>Bringing everything together,</AgentSay>
		<DisplayText>Bringing everything together,</DisplayText>
	</TRNS>
	<TRNS>
		<AgentSay>To review,</AgentSay>
		<DisplayText>To review,</DisplayText>
	</TRNS>
	<TRNS>
		<AgentSay>To recap,</AgentSay>
		<DisplayText>To recap,</DisplayText>
	</TRNS>
	<TRNS>
		<AgentSay>In a nutshell,</AgentSay>
		<DisplayText>In a nutshell,</DisplayText>
	</TRNS>
	<TRNS>
		<AgentSay>Here are some main points to remember:</AgentSay>
		<DisplayText>Here are some main points to remember:</DisplayText>
	</TRNS>
	<TRNS>
		<AgentSay>Overall,</AgentSay>
		<DisplayText>Overall,</DisplayText>
	</TRNS>
	<TRNH>
		<AgentSay>I bet you can answer this.</AgentSay>
		<DisplayText>I bet you can answer this.</DisplayText>
	</TRNH>
	<TRNH>
		<AgentSay>Here's a hint:</AgentSay>
		<DisplayText>Here's a hint:</DisplayText>
	</TRNH>
	<TRNH>
		<AgentSay>Answer this question for me:</AgentSay>
		<DisplayText>Answer this question for me:</DisplayText>
	</TRNH>
	<TRNH>
		<AgentSay>I think this question will help you:</AgentSay>
		<DisplayText>I think this question will help you:</DisplayText>
	</TRNH>
	<TRNH>
		<AgentSay>Think about this:</AgentSay>
		<DisplayText>Think about this:</DisplayText>
	</TRNH>
	<TRNH>
		<AgentSay>What about this:</AgentSay>
		<DisplayText>What about this:</DisplayText>
	</TRNH>
	<TRNH>
		<AgentSay>Let me ask you another question:</AgentSay>
		<DisplayText>Let me ask you another question:</DisplayText>
	</TRNH>
	<TRNH>
		<AgentSay>Let's try this question:</AgentSay>
		<DisplayText>Let's try this question:</DisplayText>
	</TRNH>
	<TRNH>
		<AgentSay>Here's another question:</AgentSay>
		<DisplayText>Here's another question:</DisplayText>
	</TRNH>
</ITSFeedBack>